sequence_index,iteration,nf,incumbent_index,incumbent_full_objective,mean_gate_entanglement_infidelity_to_truth,mean_gate_average_infidelity_to_truth,mean_spam_vector_l2_error_to_truth,mean_spam_tracedist_to_truth,mean_gate_eigenvalue_nonunitarity_excess_to_truth,mean_gate_eigenvalue_diamondnorm_to_truth,mean_gate_eigenvalue_nonunitary_diamondnorm_to_truth,mean_gate_diamond_distance_to_truth
0,0,0,0,28779.504428968445,0.002273422622213639,0.0015156150814757592,0.0069771033542395085,0.004937894532976495,-0.003850330725303386,0.008134373632380808,0.004513942584111835,0.015113464757287321
1,1,1,1,5786.6128977096,0.008184790199932124,0.00545652679995475,0.009069799051443063,0.0072196229172524235,0.015179782445443907,0.020537657179802837,0.018943383609576953,0.03868694901302808
2,2,2,1,5786.6128977096,0.008184790199932124,0.00545652679995475,0.009069799051443063,0.0072196229172524235,0.015179782445443907,0.020537657179802837,0.018943383609576953,0.03868694901302808
3,3,3,1,5786.6128977096,0.008184790199932124,0.00545652679995475,0.009069799051443063,0.0072196229172524235,0.015179782445443907,0.020537657179802837,0.018943383609576953,0.03868694901302808
4,4,4,4,2944.9227410232206,0.003938652771866419,0.0026257685145776124,0.026524354386741323,0.020390358970134276,0.004130097974114212,0.014020720113652546,0.006835933181622955,0.028366880328932295
5,5,5,4,2944.9227410232206,0.003938652771866419,0.0026257685145776124,0.026524354386741323,0.020390358970134276,0.004130097974114212,0.014020720113652546,0.006835933181622955,0.028366880328932295
6,6,6,4,3693.2920705990155,0.003938652771866419,0.0026257685145776124,0.026524354386741323,0.020390358970134276,0.004130097974114212,0.014020720113652546,0.006835933181622955,0.028366880328932295
7,7,7,7,2269.7777192476574,0.002126060098556287,0.0014173733990375248,0.005892108722229547,0.004847256547148578,0.0045028393234361405,0.006815208059341342,0.006528856641172823,0.012651843487040087
8,8,8,7,2269.7777192476574,0.002126060098556287,0.0014173733990375248,0.005892108722229547,0.004847256547148578,0.0045028393234361405,0.006815208059341342,0.006528856641172823,0.012651843487040087
9,9,9,9,1502.2654517016194,0.0009845006378107202,0.0006563337585404801,0.004901286520623815,0.0035884580408411114,0.0023197786248370517,0.0032485051085534592,0.0029152920138715913,0.007700313899555928
10,10,10,10,1343.8504240076732,0.0012139544604395647,0.0008093029736263764,0.0029622925714667286,0.0017337506800523548,0.0017222414527737692,0.0024399745266198243,0.0024300536941897558,0.00597025051082172
11,11,11,10,1650.7399709911895,0.0012139544604395647,0.0008093029736263764,0.0029622925714667286,0.0017337506800523548,0.0017222414527737692,0.0024399745266198243,0.0024300536941897558,0.00597025051082172
12,12,12,10,1650.7399709911895,0.0012139544604395647,0.0008093029736263764,0.0029622925714667286,0.0017337506800523548,0.0017222414527737692,0.0024399745266198243,0.0024300536941897558,0.00597025051082172
13,13,13,13,1217.2346675556075,0.0007045334648508317,0.00046968897656722114,0.003662348795360698,0.0023944598877235906,0.0012956916221131959,0.0018482127721629335,0.0016304695166780986,0.005125578679679558
14,14,14,14,1174.564346632338,0.000644794496180906,0.0004298629974539373,0.0037868188009735266,0.0025297015374296282,0.00044707241613384935,0.0013080905935039522,0.0006899792071059924,0.004075885126223224
15,15,15,14,1174.564346632338,0.000644794496180906,0.0004298629974539373,0.0037868188009735266,0.0025297015374296282,0.00044707241613384935,0.0013080905935039522,0.0006899792071059924,0.004075885126223224
16,16,16,16,992.8109221925447,0.00042376101113766884,0.0002825073407584459,0.0028658340469094466,0.001667942216932671,0.00015722237123345223,0.0007797382627327058,0.0002813880517125514,0.00347475477773538
17,17,17,16,992.8109221925447,0.00042376101113766884,0.0002825073407584459,0.0028658340469094466,0.001667942216932671,0.00015722237123345223,0.0007797382627327058,0.0002813880517125514,0.00347475477773538
18,18,18,16,992.8109221925447,0.00042376101113766884,0.0002825073407584459,0.0028658340469094466,0.001667942216932671,0.00015722237123345223,0.0007797382627327058,0.0002813880517125514,0.00347475477773538
19,19,19,19,974.9738907929739,0.00040025359297829466,0.00026683572865219646,0.0029286248039459063,0.0016091682852177897,5.099843457320036e-05,0.0007840144544023775,0.00021174783705608935,0.003434275203036084
20,20,20,19,974.9738907929739,0.00040025359297829466,0.00026683572865219646,0.0029286248039459063,0.0016091682852177897,5.099843457320036e-05,0.0007840144544023775,0.00021174783705608935,0.003434275203036084
21,21,21,19,986.9471895995761,0.00040025359297829466,0.00026683572865219646,0.0029286248039459063,0.0016091682852177897,5.099843457320036e-05,0.0007840144544023775,0.00021174783705608935,0.003434275203036084
22,22,22,22,963.9503564974832,0.0004018665624281603,0.00026791104161877355,0.0030098179590248644,0.0016842215680918952,7.333631282517572e-06,0.0007730154725931709,0.0001722978605306555,0.003363186702366175
23,23,23,22,963.9503564974832,0.0004018665624281603,0.00026791104161877355,0.0030098179590248644,0.0016842215680918952,7.333631282517572e-06,0.0007730154725931709,0.0001722978605306555,0.003363186702366175
24,24,24,24,962.0519919346814,0.00040046936656540355,0.00026697957771026903,0.002946061480992341,0.0016415096457016505,9.787444109364551e-06,0.0007739152137063634,0.00017324212492297875,0.003369865819395408
25,25,25,24,962.0519919346814,0.00040046936656540355,0.00026697957771026903,0.002946061480992341,0.0016415096457016505,9.787444109364551e-06,0.0007739152137063634,0.00017324212492297875,0.003369865819395408
26,26,26,24,968.076029368628,0.00040046936656540355,0.00026697957771026903,0.002946061480992341,0.0016415096457016505,9.787444109364551e-06,0.0007739152137063634,0.00017324212492297875,0.003369865819395408
27,27,27,27,964.4313271862832,0.0004568791555847329,0.00030458610372315526,0.002808416097182636,0.0015665355634848898,-1.5132085648475457e-06,0.0005644128198189657,0.00012852060691598277,0.0028020537694356928
28,28,28,27,964.4313271862832,0.0004568791555847329,0.00030458610372315526,0.002808416097182636,0.0015665355634848898,-1.5132085648475457e-06,0.0005644128198189657,0.00012852060691598277,0.0028020537694356928
29,29,29,29,964.1799990162276,0.0004754310888429314,0.0003169540592286209,0.002862543977395127,0.0016128237423732531,-5.436858368512709e-07,0.0005691953079111137,0.00011952564460965265,0.002819812672582092
30,30,30,29,964.1799990162276,0.0004754310888429314,0.0003169540592286209,0.002862543977395127,0.0016128237423732531,-5.436858368512709e-07,0.0005691953079111137,0.00011952564460965265,0.002819812672582092
31,31,31,31,965.7745714514359,0.00039184097252589756,0.00026122731501726504,0.0028656427674544622,0.0017257107740810199,-1.0931079004961042e-05,0.00044636504538107303,0.00013959755797390144,0.002497853055672024
32,32,32,31,965.7745714514359,0.00039184097252589756,0.00026122731501726504,0.0028656427674544622,0.0017257107740810199,-1.0931079004961042e-05,0.00044636504538107303,0.00013959755797390144,0.002497853055672024
33,33,33,33,965.5121345865913,0.00036263235401734484,0.0002417549026782299,0.0028719698118884252,0.001736354339083625,-1.7832532973417747e-05,0.0004448984893376592,0.0001375114082544926,0.0023975966238761037
34,34,34,33,965.5121345865913,0.00036263235401734484,0.0002417549026782299,0.0028719698118884252,0.001736354339083625,-1.7832532973417747e-05,0.0004448984893376592,0.0001375114082544926,0.0023975966238761037
35,35,35,33,965.5121345865913,0.00036263235401734484,0.0002417549026782299,0.0028719698118884252,0.001736354339083625,-1.7832532973417747e-05,0.0004448984893376592,0.0001375114082544926,0.0023975966238761037
36,36,36,36,964.3712045372986,0.0003493786957598777,0.0002329191305065851,0.0028655173852503296,0.0016427828971537104,-2.6044954693604794e-05,0.0004333344837361993,0.00012468858036419894,0.002257376679592084
37,37,37,36,964.3712045372986,0.0003493786957598777,0.0002329191305065851,0.0028655173852503296,0.0016427828971537104,-2.6044954693604794e-05,0.0004333344837361993,0.00012468858036419894,0.002257376679592084
38,38,38,38,964.298231429457,0.0003417142976474552,0.00022780953176497012,0.0028582802996441775,0.0016442060466854997,-2.243374970002654e-05,0.0004322230703260112,0.00012527743947163272,0.002198437355354978
39,39,39,38,964.298231429457,0.0003417142976474552,0.00022780953176497012,0.0028582802996441775,0.0016442060466854997,-2.243374970002654e-05,0.0004322230703260112,0.00012527743947163272,0.002198437355354978
40,40,40,40,964.2435468735129,0.00026609701775173744,0.00017739801183449164,0.002856725074958349,0.0016479455021234718,-2.1137023127219823e-05,0.0004308638854750703,0.00012774337521841844,0.002147417980045051
41,41,41,40,964.2435468735129,0.00026609701775173744,0.00017739801183449164,0.002856725074958349,0.0016479455021234718,-2.1137023127219823e-05,0.0004308638854750703,0.00012774337521841844,0.002147417980045051
42,42,42,42,964.1807083284739,0.00022086054536737953,0.00014724036357825304,0.002842427841148864,0.0016420609317652078,-2.0632305128095996e-05,0.0004294620195822861,0.00012457263684122893,0.0021002492909401108
43,43,43,42,964.1807083284739,0.00022086054536737953,0.00014724036357825304,0.002842427841148864,0.0016420609317652078,-2.0632305128095996e-05,0.0004294620195822861,0.00012457263684122893,0.0021002492909401108
44,44,44,44,964.1552896138006,0.00019015850494441544,0.0001267723366296103,0.0028444390619212453,0.001646094960625414,-2.2302379358692115e-05,0.0004301477020334628,0.00012700451376506522,0.002054109777409691
45,45,45,44,964.1552896138006,0.00019015850494441544,0.0001267723366296103,0.0028444390619212453,0.001646094960625414,-2.2302379358692115e-05,0.0004301477020334628,0.00012700451376506522,0.002054109777409691
46,46,46,46,964.1163908935907,0.00016601284615797018,0.00011067523077198012,0.0028322809750576127,0.0016414590399001611,-2.2203363992931435e-05,0.0004292309377589414,0.00012447967157815792,0.002010912869425167
47,47,47,46,964.1163908935907,0.00016601284615797018,0.00011067523077198012,0.0028322809750576127,0.0016414590399001611,-2.2203363992931435e-05,0.0004292309377589414,0.00012447967157815792,0.002010912869425167
48,48,48,48,964.1131258866881,0.0001491145026577545,9.940966843850299e-05,0.002837531689615413,0.0016473667278532871,-2.4185392033769515e-05,0.0004304741645076992,0.000126960249345269,0.001971750567589082
49,49,49,49,963.9980979868576,0.00014299328353831187,9.532885569220792e-05,0.0028393924738010514,0.0016493736351792735,-2.5557152264592264e-05,0.00042908806445873836,0.00012421616476347708,0.0019520819703639585
50,50,50,49,963.9980979868576,0.00014299328353831187,9.532885569220792e-05,0.0028393924738010514,0.0016493736351792735,-2.5557152264592264e-05,0.00042908806445873836,0.00012421616476347708,0.0019520819703639585
51,51,51,49,963.9980979868576,0.00014299328353831187,9.532885569220792e-05,0.0028393924738010514,0.0016493736351792735,-2.5557152264592264e-05,0.00042908806445873836,0.00012421616476347708,0.0019520819703639585
52,52,52,52,963.9797212868137,0.00014059343805514213,9.372895870342808e-05,0.002840693296075237,0.001651725155206799,-2.6345371463315503e-05,0.00042912301728669075,0.00012270223219774945,0.0019448113527637486
53,53,53,52,963.9797212868137,0.00014059343805514213,9.372895870342808e-05,0.002840693296075237,0.001651725155206799,-2.6345371463315503e-05,0.00042912301728669075,0.00012270223219774945,0.0019448113527637486
54,54,54,52,963.9797212868137,0.00014059343805514213,9.372895870342808e-05,0.002840693296075237,0.001651725155206799,-2.6345371463315503e-05,0.00042912301728669075,0.00012270223219774945,0.0019448113527637486
55,55,55,55,963.9779364559142,0.00013937445278966454,9.291630185977635e-05,0.0028414553774023833,0.0016520823004946925,-2.6644296689304348e-05,0.00042932142487837974,0.00012299038412856567,0.0019401786364639253
56,56,56,55,963.9779364559142,0.00013937445278966454,9.291630185977635e-05,0.0028414553774023833,0.0016520823004946925,-2.6644296689304348e-05,0.00042932142487837974,0.00012299038412856567,0.0019401786364639253
57,57,57,57,963.9766002215977,0.00013823658885422918,9.215772590281945e-05,0.0028409438942832055,0.001651754644280435,-2.6410747662707068e-05,0.0004293070842840311,0.00012289843817267498,0.0019361226675170093
58,58,58,57,963.9766002215977,0.00013823658885422918,9.215772590281945e-05,0.0028409438942832055,0.001651754644280435,-2.6410747662707068e-05,0.0004293070842840311,0.00012289843817267498,0.0019361226675170093
59,59,59,57,963.9766002215977,0.00013823658885422918,9.215772590281945e-05,0.0028409438942832055,0.001651754644280435,-2.6410747662707068e-05,0.0004293070842840311,0.00012289843817267498,0.0019361226675170093
60,60,60,60,963.9758459433908,0.00013768873586456065,9.179249057637377e-05,0.0028414050005751523,0.0016520062746119572,-2.6426199161058705e-05,0.00042935437135408524,0.00012311734948733388,0.001934058241595133
61,61,61,61,963.9757060281078,0.00013665362625631117,9.110241750420746e-05,0.0028416395105565185,0.001652852860630567,-2.6656388572590672e-05,0.0004295281267557811,0.00012302843329032448,0.0019303474492693199
62,62,62,61,963.9757060281078,0.00013665362625631117,9.110241750420746e-05,0.0028416395105565185,0.001652852860630567,-2.6656388572590672e-05,0.0004295281267557811,0.00012302843329032448,0.0019303474492693199
63,63,63,63,963.9752933647312,0.00013560175689203424,9.040117126135616e-05,0.0028402032439193248,0.001651760266617536,-2.651728010368004e-05,0.0004294694587383887,0.0001227734323765231,0.0019266485624120637
64,64,64,63,963.9752933647312,0.00013560175689203424,9.040117126135616e-05,0.0028402032439193248,0.001651760266617536,-2.651728010368004e-05,0.0004294694587383887,0.0001227734323765231,0.0019266485624120637
65,65,65,65,963.9747431111579,0.00013457935485294836,8.971956990196558e-05,0.0028423295422190377,0.0016541325244332156,-2.6650899058892896e-05,0.0004296629016058499,0.0001231774027196167,0.0019228018449869533
66,66,66,65,963.9747431111579,0.00013457935485294836,8.971956990196558e-05,0.0028423295422190377,0.0016541325244332156,-2.6650899058892896e-05,0.0004296629016058499,0.0001231774027196167,0.0019228018449869533
67,67,67,67,963.9743069702992,0.00013357735426133832,8.905156950755888e-05,0.002839438270790525,0.0016518414204303427,-2.6565955380010442e-05,0.00042960087729105917,0.00012275343536768263,0.0019192047040329928
68,68,68,67,963.9743069702992,0.00013357735426133832,8.905156950755888e-05,0.002839438270790525,0.0016518414204303427,-2.6565955380010442e-05,0.00042960087729105917,0.00012275343536768263,0.0019192047040329928
69,69,69,69,963.9738817785139,0.00013259160955139682,8.839440636759788e-05,0.0028416026732671416,0.0016539938809495378,-2.670332039002299e-05,0.0004297934813453547,0.0001231662165200667,0.0019153830288863986
70,70,70,69,963.9738817785139,0.00013259160955139682,8.839440636759788e-05,0.0028416026732671416,0.0016539938809495378,-2.670332039002299e-05,0.0004297934813453547,0.0001231662165200667,0.0019153830288863986
71,71,71,71,963.9735914880139,0.00013162528315197042,8.775018876798028e-05,0.002838654232840746,0.0016516502278896695,-2.662411772101636e-05,0.00042974287165735864,0.00012274448297098367,0.0019118145788155879
72,72,72,71,963.9735914880139,0.00013162528315197042,8.775018876798028e-05,0.002838654232840746,0.0016516502278896695,-2.662411772101636e-05,0.00042974287165735864,0.00012274448297098367,0.0019118145788155879
73,73,73,73,963.9732850004207,0.00013072963865307097,8.715309243538064e-05,0.0028400087954813798,0.0016530544310063072,-2.67651880191469e-05,0.0004299275587419671,0.00012315314391912746,0.0019082459669828183
74,74,74,73,963.9732850004207,0.00013072963865307097,8.715309243538064e-05,0.0028400087954813798,0.0016530544310063072,-2.67651880191469e-05,0.0004299275587419671,0.00012315314391912746,0.0019082459669828183
75,75,75,75,963.9731358523284,0.0001299240032056892,8.661600213712614e-05,0.002839008956208378,0.001652650612828969,-2.6670822376055614e-05,0.0004298473315846131,0.00012269920221971015,0.0019051259690832333
76,76,76,76,963.9721105594622,0.00012953491710637755,8.635661140425169e-05,0.0028400600572203484,0.0016536370872725983,-2.675928943319389e-05,0.0004299388104041759,0.00012289390600994654,0.001903530858997369
77,77,77,76,963.9721105594622,0.00012953491710637755,8.635661140425169e-05,0.0028400600572203484,0.0016536370872725983,-2.675928943319389e-05,0.0004299388104041759,0.00012289390600994654,0.001903530858997369
78,78,78,76,963.9721105594622,0.00012953491710637755,8.635661140425169e-05,0.0028400600572203484,0.0016536370872725983,-2.675928943319389e-05,0.0004299388104041759,0.00012289390600994654,0.001903530858997369
79,79,79,79,963.9719775414057,0.00012934082781976275,8.62272185465085e-05,0.0028404047805142244,0.0016540545888708248,-2.679632910498192e-05,0.00042997237598828763,0.00012297379403151953,0.0019027265354087238
80,80,80,79,963.9719775414057,0.00012934082781976275,8.62272185465085e-05,0.0028404047805142244,0.0016540545888708248,-2.679632910498192e-05,0.00042997237598828763,0.00012297379403151953,0.0019027265354087238
81,81,81,79,963.9719775414057,0.00012934082781976275,8.62272185465085e-05,0.0028404047805142244,0.0016540545888708248,-2.679632910498192e-05,0.00042997237598828763,0.00012297379403151953,0.0019027265354087238
82,82,82,82,963.9719279506437,0.00012924660823918077,8.616440549278719e-05,0.002840334460837647,0.0016540320664065254,-2.6788468868665927e-05,0.00042996521160619945,0.00012292118543200115,0.0019023515749674684
83,83,83,82,963.9719279506437,0.00012924660823918077,8.616440549278719e-05,0.002840334460837647,0.0016540320664065254,-2.6788468868665927e-05,0.00042996521160619945,0.00012292118543200115,0.0019023515749674684
84,84,84,84,963.9719268282045,0.00012915855780101793,8.610570520067862e-05,0.0028404242511387077,0.0016540974278599831,-2.680188546156509e-05,0.00042997853470173327,0.00012295176115272727,0.0019019537455999
85,85,85,85,963.9718958098285,0.00012911197571022215,8.607465047348144e-05,0.002840368443241108,0.0016541118427740534,-2.680253078286149e-05,0.0004299783638147996,0.00012292280363024322,0.0019017662574226802
86,86,86,86,963.9718916101554,0.00012901762895442537,8.601175263628358e-05,0.0028402985219390963,0.0016540668825109626,-2.6811310737479e-05,0.00042999794553777253,0.00012293202842779405,0.0019013877040590576
87,87,87,86,963.9718916101554,0.00012901762895442537,8.601175263628358e-05,0.0028402985219390963,0.0016540668825109626,-2.6811310737479e-05,0.00042999794553777253,0.00012293202842779405,0.0019013877040590576
88,88,88,88,963.9718728870317,0.00012893073595082738,8.595382396721825e-05,0.0028394355117792535,0.001653027656869887,-2.6804023765494844e-05,0.00042998664308387287,0.00012290218274630532,0.0019010533007736076
89,89,89,88,963.9718728870317,0.00012893073595082738,8.595382396721825e-05,0.0028394355117792535,0.001653027656869887,-2.6804023765494844e-05,0.00042998664308387287,0.00012290218274630532,0.0019010533007736076
90,90,90,90,963.9718709970793,0.0001288448266993647,8.589655113290981e-05,0.00283956049599225,0.0016531522155642077,-2.6819265502284195e-05,0.00043000681876164033,0.00012295120538950016,0.0019006802212775643
91,91,91,91,963.9718445817848,0.00012879817453975706,8.586544969317138e-05,0.0028393212565257786,0.001652792553427134,-2.68150183611246e-05,0.000430002023833715,0.00012292422842184042,0.0019004896470883274
92,92,92,91,963.9718445817848,0.00012879817453975706,8.586544969317138e-05,0.0028393212565257786,0.001652792553427134,-2.68150183611246e-05,0.000430002023833715,0.00012292422842184042,0.0019004896470883274
93,93,93,93,963.9718403816114,0.00012875099324055617,8.58339954937041e-05,0.002839773354885542,0.0016533575061562372,-2.6818260951674833e-05,0.0004300129989279039,0.00012290911889410727,0.0019002786844928648
94,94,94,93,963.9718403816114,0.00012875099324055617,8.58339954937041e-05,0.002839773354885542,0.0016533575061562372,-2.6818260951674833e-05,0.0004300129989279039,0.00012290911889410727,0.0019002786844928648
95,95,95,95,963.9718333326094,0.00012871861576796428,8.581241051197619e-05,0.0028399163111264415,0.0016535025578402933,-2.6824759350993488e-05,0.0004300166765879853,0.00012293095316356223,0.0019001627190907912
96,96,96,95,963.9718333326094,0.00012871861576796428,8.581241051197619e-05,0.0028399163111264415,0.0016535025578402933,-2.6824759350993488e-05,0.0004300166765879853,0.00012293095316356223,0.0019001627190907912
97,97,97,97,963.9718280829925,0.00012868333122328934,8.578888748219289e-05,0.0028399832417315696,0.0016536856487294927,-2.6822705348983344e-05,0.0004300209669374462,0.00012290743660369613,0.0019000418692697377
98,98,98,97,963.9718280829925,0.00012868333122328934,8.578888748219289e-05,0.0028399832417315696,0.0016536856487294927,-2.6822705348983344e-05,0.0004300209669374462,0.00012290743660369613,0.0019000418692697377
99,99,99,99,963.9718213070604,0.0001286599929809229,8.57733286539486e-05,0.002839850497407941,0.001653545117309683,-2.682302734154096e-05,0.0004300217548116222,0.0001229328304870672,0.0018999744131109198
100,100,100,99,963.9718213070604,0.0001286599929809229,8.57733286539486e-05,0.002839850497407941,0.001653545117309683,-2.682302734154096e-05,0.0004300217548116222,0.0001229328304870672,0.0018999744131109198
101,101,101,101,963.9718161693545,0.00012863988081779354,8.57599205451957e-05,0.0028401423291354727,0.0016540029836945797,-2.6824879550135794e-05,0.00043002089496875495,0.00012290253789900424,0.0018999135838648788
102,102,102,101,963.9718161693545,0.00012863988081779354,8.57599205451957e-05,0.0028401423291354727,0.0016540029836945797,-2.6824879550135794e-05,0.00043002089496875495,0.00012290253789900424,0.0018999135838648788
103,103,103,103,963.9718095250473,0.00012862225843379704,8.574817228919802e-05,0.002840176036995465,0.0016539800795828223,-2.6823622148036685e-05,0.0004300245457263797,0.00012293237511863675,0.0018998549096742787
104,104,104,103,963.9718095250473,0.00012862225843379704,8.574817228919802e-05,0.002840176036995465,0.0016539800795828223,-2.6823622148036685e-05,0.0004300245457263797,0.00012293237511863675,0.0018998549096742787
105,105,105,105,963.9718044699516,0.00012861020950580282,8.57401396705352e-05,0.0028401622691472624,0.0016539822614522629,-2.6825500057323093e-05,0.0004300231013532825,0.00012290250820373716,0.0018998031094843654
106,106,106,105,963.9718044699516,0.00012861020950580282,8.57401396705352e-05,0.0028401622691472624,0.0016539822614522629,-2.6825500057323093e-05,0.0004300231013532825,0.00012290250820373716,0.0018998031094843654
107,107,107,107,963.9717978828594,0.00012859507540402548,8.573005026935032e-05,0.002840326981909717,0.0016540862333724096,-2.6824348939101517e-05,0.00043002642769712643,0.00012293268465723983,0.0018997466410999456
108,108,108,107,963.9717978828594,0.00012859507540402548,8.573005026935032e-05,0.002840326981909717,0.0016540862333724096,-2.6824348939101517e-05,0.00043002642769712643,0.00012293268465723983,0.0018997466410999456
109,109,109,109,963.9717928080034,0.00012858748085786686,8.572498723857791e-05,0.0028404527846533413,0.0016542011700455784,-2.6826028096393895e-05,0.0004300252948872946,0.00012290286091193314,0.0018997082753235883
110,110,110,109,963.9717928080034,0.00012858748085786686,8.572498723857791e-05,0.0028404527846533413,0.0016542011700455784,-2.6826028096393895e-05,0.0004300252948872946,0.00012290286091193314,0.0018997082753235883
111,111,111,111,963.971786236114,0.00012858075404878488,8.572050269918992e-05,0.0028424445277508495,0.0016566077752325334,-2.682476141992185e-05,0.00043002752560803033,0.00012293289964857707,0.0018996707372543188
112,112,112,111,963.971786236114,0.00012858075404878488,8.572050269918992e-05,0.0028424445277508495,0.0016566077752325334,-2.682476141992185e-05,0.00043002752560803033,0.00012293289964857707,0.0018996707372543188
113,113,113,113,963.9717811865248,0.00012857130236709757,8.571420157806504e-05,0.002842240726338144,0.001656429045630133,-2.6826409489352776e-05,0.00043002733284039493,0.0001229031055829874,0.001899631540405534
114,114,114,113,963.9717811865248,0.00012857130236709757,8.571420157806504e-05,0.002842240726338144,0.001656429045630133,-2.6826409489352776e-05,0.00043002733284039493,0.0001229031055829874,0.001899631540405534
115,115,115,115,963.9717746413621,0.00012855955122267892,8.570636748178595e-05,0.0028423017353511044,0.0016564229264365731,-2.68251916808529e-05,0.00043002940677475864,0.00012293287791279722,0.0018995862707032254
116,116,116,115,963.9717746413621,0.00012855955122267892,8.570636748178595e-05,0.0028423017353511044,0.0016564229264365731,-2.68251916808529e-05,0.00043002940677475864,0.00012293287791279722,0.0018995862707032254
117,117,117,117,963.9717696148762,0.00012855012519391584,8.570008346261057e-05,0.0028421887246291243,0.0016563097545570045,-2.6826957693855402e-05,0.00043002944584117004,0.00012290334629462552,0.001899546069061809
118,118,118,117,963.9717696148762,0.00012855012519391584,8.570008346261057e-05,0.0028421887246291243,0.0016563097545570045,-2.6826957693855402e-05,0.00043002944584117004,0.00012290334629462552,0.001899546069061809
119,119,119,119,963.9717630202066,0.00012853543447730043,8.569028965153362e-05,0.0028418658969119027,0.00165580447136686,-2.6825971708020757e-05,0.0004300344446334077,0.0001229328274466035,0.0018994967415150036
120,120,120,119,963.9717630202066,0.00012853543447730043,8.569028965153362e-05,0.0028418658969119027,0.00165580447136686,-2.6825971708020757e-05,0.0004300344446334077,0.0001229328274466035,0.0018994967415150036
121,121,121,121,963.9717580941428,0.00012852615728295436,8.568410485530291e-05,0.002840662562977301,0.0016544248334683256,-2.682756553213511e-05,0.00043003140865894283,0.0001229036050323859,0.001899458779882692
122,122,122,121,963.9717580941428,0.00012852615728295436,8.568410485530291e-05,0.002840662562977301,0.0016544248334683256,-2.682756553213511e-05,0.00043003140865894283,0.0001229036050323859,0.001899458779882692
123,123,123,123,963.9717515428682,0.00012851581845746418,8.567721230497613e-05,0.0028424837997372207,0.0016566047952738087,-2.682639343708909e-05,0.00043003404210782047,0.00012293295896077805,0.0018994131416207893
124,124,124,123,963.9717515428682,0.00012851581845746418,8.567721230497613e-05,0.0028424837997372207,0.0016566047952738087,-2.682639343708909e-05,0.00043003404210782047,0.00012293295896077805,0.0018994131416207893
125,125,125,125,963.9717466359205,0.00012850067147110456,8.56671143140697e-05,0.0028392460359191692,0.001652770178677436,-2.68277734975092e-05,0.00043003359743962866,0.00012290391033015213,0.0018993742173451893
126,126,126,125,963.9717466359205,0.00012850067147110456,8.56671143140697e-05,0.0028392460359191692,0.001652770178677436,-2.68277734975092e-05,0.00043003359743962866,0.00012290391033015213,0.0018993742173451893
127,127,127,127,963.9717400984665,0.00012849014506302603,8.566009670868402e-05,0.00284007033800935,0.0016536125767455706,-2.6826418962067056e-05,0.00043003580431977663,0.00012293367382540388,0.0018993251642569538
128,128,128,127,963.9717400984665,0.00012849014506302603,8.566009670868402e-05,0.00284007033800935,0.0016536125767455706,-2.6826418962067056e-05,0.00043003580431977663,0.00012293367382540388,0.0018993251642569538
129,129,129,129,963.9717352188993,0.00012848192451933582,8.565461634622387e-05,0.0028401167377541587,0.0016538186307432788,-2.682832641280608e-05,0.0004300356051637721,0.00012290411778366483,0.0018992912154211497
130,130,130,129,963.9717352188993,0.00012848192451933582,8.565461634622387e-05,0.0028401167377541587,0.0016538186307432788,-2.682832641280608e-05,0.0004300356051637721,0.00012290411778366483,0.0018992912154211497
131,131,131,131,963.9717287090566,0.00012847059182991005,8.564706121994003e-05,0.002840141928935298,0.0016536560335024617,-2.682700685215783e-05,0.00043003765099074794,0.00012293389074678057,0.001899243531194765
132,132,132,131,963.9717287090566,0.00012847059182991005,8.564706121994003e-05,0.002840141928935298,0.0016536560335024617,-2.682700685215783e-05,0.00043003765099074794,0.00012293389074678057,0.001899243531194765
133,133,133,133,963.9717237583957,0.00012845899653021742,8.563933102014495e-05,0.0028391708390695706,0.0016526003809264002,-2.6828790023226967e-05,0.0004300374298126736,0.00012290436139885536,0.0018992063350424934
134,134,134,133,963.9717237583957,0.00012845899653021742,8.563933102014495e-05,0.0028391708390695706,0.0016526003809264002,-2.6828790023226967e-05,0.0004300374298126736,0.00012290436139885536,0.0018992063350424934
135,135,135,135,963.9717174021661,0.00012844868571226797,8.563245714151198e-05,0.0028402021954206974,0.0016537168094032872,-2.6827413330404726e-05,0.000430040020927473,0.00012293409263339217,0.0018991622667512522
136,136,136,135,963.9717174021661,0.00012844868571226797,8.563245714151198e-05,0.0028402021954206974,0.0016537168094032872,-2.6827413330404726e-05,0.000430040020927473,0.00012293409263339217,0.0018991622667512522
137,137,137,137,963.9717124527205,0.00012844473272616286,8.562982181744191e-05,0.0028397100008385866,0.0016533837614501946,-2.6828947312491913e-05,0.00043003918283736445,0.00012290477643652625,0.0018991432112368928
138,138,138,137,963.9717124527205,0.00012844473272616286,8.562982181744191e-05,0.0028397100008385866,0.0016533837614501946,-2.6828947312491913e-05,0.00043003918283736445,0.00012290477643652625,0.0018991432112368928
139,139,139,139,963.9717060715632,0.00012845030148816994,8.563353432544663e-05,0.002840254784734098,0.0016540151793901165,-2.6826961822511153e-05,0.00043004114184667886,0.00012293470330415612,0.0018991609001975747
140,140,140,139,963.9717060715632,0.00012845030148816994,8.563353432544663e-05,0.002840254784734098,0.0016540151793901165,-2.6826961822511153e-05,0.00043004114184667886,0.00012293470330415612,0.0018991609001975747
141,141,141,141,963.971701184129,0.00012844561299021895,8.563040866014596e-05,0.0028404563505839485,0.001654327868650176,-2.6828514467461262e-05,0.0004300399623087237,0.00012290527927288214,0.0018991390850199683
142,142,142,141,963.971701184129,0.00012844561299021895,8.563040866014596e-05,0.0028404563505839485,0.001654327868650176,-2.6828514467461262e-05,0.0004300399623087237,0.00012290527927288214,0.0018991390850199683
143,143,143,143,963.9716947959549,0.00012844921470689386,8.563280980459591e-05,0.00284106432919189,0.001654786363310571,-2.6827428057478453e-05,0.0004300406581410538,0.00012293459920777877,0.0018991436663627398
144,144,144,143,963.9716947959549,0.00012844921470689386,8.563280980459591e-05,0.00284106432919189,0.001654786363310571,-2.6827428057478453e-05,0.0004300406581410538,0.00012293459920777877,0.0018991436663627398
145,145,145,145,963.9716898693051,0.00012844417866994529,8.562945244663019e-05,0.002840370651320307,0.0016541940626715191,-2.6828229655682934e-05,0.0004300403396467055,0.00012290578630896193,0.001899130573568756
146,146,146,145,963.9716898693051,0.00012844417866994529,8.562945244663019e-05,0.002840370651320307,0.0016541940626715191,-2.6828229655682934e-05,0.0004300403396467055,0.00012290578630896193,0.001899130573568756
147,147,147,147,963.971683514226,0.00012844659932220726,8.563106621480485e-05,0.0028402201036398767,0.0016538945345285232,-2.6826926549268493e-05,0.00043004115056896895,0.00012293501983329236,0.0018991463611272889
148,148,148,147,963.971683514226,0.00012844659932220726,8.563106621480485e-05,0.0028402201036398767,0.0016538945345285232,-2.6826926549268493e-05,0.00043004115056896895,0.00012293501983329236,0.0018991463611272889
149,149,149,149,963.9716786297763,0.00012844387146526692,8.562924764351129e-05,0.00284038318500407,0.0016541643012087427,-2.6827191397432726e-05,0.0004300406892313898,0.00012290664170346716,0.001899132371434633
150,150,150,149,963.9716786297763,0.00012844387146526692,8.562924764351129e-05,0.00284038318500407,0.0016541643012087427,-2.6827191397432726e-05,0.0004300406892313898,0.00012290664170346716,0.001899132371434633
151,151,151,151,963.9716724392619,0.00012844304558956576,8.56286970597105e-05,0.0028395018088146397,0.0016529319879069056,-2.6826289070656928e-05,0.00043004255540556084,0.00012293618841046489,0.0018991417877045557
152,152,152,151,963.9716724392619,0.00012844304558956576,8.56286970597105e-05,0.0028395018088146397,0.0016529319879069056,-2.6826289070656928e-05,0.00043004255540556084,0.00012293618841046489,0.0018991417877045557
153,153,153,153,963.971667471496,0.00012843809383791815,8.562539589194544e-05,0.0028395138344185604,0.001652935200983066,-2.682734906762213e-05,0.00043004250496275726,0.00012290692889777716,0.001899112907161657
154,154,154,153,963.971667471496,0.00012843809383791815,8.562539589194544e-05,0.0028395138344185604,0.001652935200983066,-2.682734906762213e-05,0.00043004250496275726,0.00012290692889777716,0.001899112907161657
155,155,155,155,963.9716611974325,0.000128444123809357,8.562941587290467e-05,0.002840396151135535,0.0016539580095339633,-2.6825801388595527e-05,0.00043004268240784583,0.000122936317301571,0.0018991400405723744
156,156,156,155,963.9716611974325,0.000128444123809357,8.562941587290467e-05,0.002840396151135535,0.0016539580095339633,-2.6825801388595527e-05,0.00043004268240784583,0.000122936317301571,0.0018991400405723744
157,157,157,157,963.9716563871829,0.00012843773199752717,8.56251546650181e-05,0.00284034586967888,0.001653894770498709,-2.682712795834541e-05,0.00043004162458932,0.00012290742067477128,0.001899106049489305
158,158,158,157,963.9716563871829,0.00012843773199752717,8.56251546650181e-05,0.00284034586967888,0.001653894770498709,-2.682712795834541e-05,0.00043004162458932,0.00012290742067477128,0.001899106049489305
159,159,159,159,963.9716500495796,0.00012843957281941099,8.562638187960733e-05,0.0028404622181278255,0.0016539150504961697,-2.6826739077501216e-05,0.00043004429082540345,0.00012293615489079868,0.0018991214384732045
160,160,160,159,963.9716500495796,0.00012843957281941099,8.562638187960733e-05,0.0028404622181278255,0.0016539150504961697,-2.6826739077501216e-05,0.00043004429082540345,0.00012293615489079868,0.0018991214384732045
161,161,161,161,963.9716452634875,0.00012843745436394438,8.562496957596293e-05,0.0028403784117605932,0.0016538991253026221,-2.6826948233610315e-05,0.0004300422436544146,0.00012290801375287874,0.001899104990927619
162,162,162,161,963.9716452634875,0.00012843745436394438,8.562496957596293e-05,0.0028403784117605932,0.0016538991253026221,-2.6826948233610315e-05,0.0004300422436544146,0.00012290801375287874,0.001899104990927619
163,163,163,163,963.9716389315261,0.00012843983697771733,8.562655798514487e-05,0.002840476493898719,0.0016539320102700811,-2.6826541216440347e-05,0.00043004570715681064,0.00012293664119775172,0.0018991241682287318
164,164,164,163,963.9716389315261,0.00012843983697771733,8.562655798514487e-05,0.002840476493898719,0.0016539320102700811,-2.6826541216440347e-05,0.00043004570715681064,0.00012293664119775172,0.0018991241682287318
165,165,165,165,963.9716341504065,0.0001284366749476351,8.562444996509007e-05,0.0028404134837147405,0.0016539494595334775,-2.6826661034949628e-05,0.0004300432624007855,0.00012290855632061948,0.0018991011703920362
166,166,166,165,963.9716341504065,0.0001284366749476351,8.562444996509007e-05,0.0028404134837147405,0.0016539494595334775,-2.6826661034949628e-05,0.0004300432624007855,0.00012290855632061948,0.0018991011703920362
167,167,167,167,963.9716278332105,0.0001284385386852438,8.56256924568292e-05,0.002840521964630267,0.0016540778298534142,-2.682541039385894e-05,0.00043004487913597905,0.00012293743587209888,0.0018991147890671596
168,168,168,167,963.9716278332105,0.0001284385386852438,8.56256924568292e-05,0.002840521964630267,0.0016540778298534142,-2.682541039385894e-05,0.00043004487913597905,0.00012293743587209888,0.0018991147890671596
169,169,169,169,963.9716229499843,0.00012843698384909508,8.562465589939672e-05,0.0028401554769769406,0.0016537512439120166,-2.682623464771161e-05,0.000430043634636142,0.000122909088127926,0.0018991001194614337
170,170,170,169,963.9716229499843,0.00012843698384909508,8.562465589939672e-05,0.0028401554769769406,0.0016537512439120166,-2.682623464771161e-05,0.000430043634636142,0.000122909088127926,0.0018991001194614337
171,171,171,171,963.9716168078355,0.0001284410166888239,8.562734445921594e-05,0.0028403807425204258,0.001653963519984823,-2.6825882545551683e-05,0.00043004478527893864,0.00012293794316085155,0.001899121827132173
172,172,172,171,963.9716168078355,0.0001284410166888239,8.562734445921594e-05,0.0028403807425204258,0.001653963519984823,-2.6825882545551683e-05,0.00043004478527893864,0.00012293794316085155,0.001899121827132173
173,173,173,173,963.9716118393981,0.00012844045475526866,8.562696983684578e-05,0.002840443635376119,0.0016541662960105757,-2.682613114685789e-05,0.0004300443848162687,0.00012290981316795402,0.0018991137524274932
174,174,174,173,963.9716118393981,0.00012844045475526866,8.562696983684578e-05,0.002840443635376119,0.0016541662960105757,-2.682613114685789e-05,0.0004300443848162687,0.00012290981316795402,0.0018991137524274932
175,175,175,175,963.9716057648201,0.00012844049519963874,8.562699679975916e-05,0.002840417176739714,0.0016540210435485427,-2.6825529739787912e-05,0.00043004556273438794,0.0001229386147438491,0.0018991235293101736
176,176,176,175,963.9716057648201,0.00012844049519963874,8.562699679975916e-05,0.002840417176739714,0.0016540210435485427,-2.6825529739787912e-05,0.00043004556273438794,0.0001229386147438491,0.0018991235293101736
177,177,177,177,963.9716007767368,0.00012843816667501562,8.562544445001041e-05,0.002840517320752678,0.0016541231908251404,-2.6826150039120644e-05,0.000430044703992303,0.00012291010125879687,0.0018991063155262664
178,178,178,177,963.9716007767368,0.00012843816667501562,8.562544445001041e-05,0.002840517320752678,0.0016541231908251404,-2.6826150039120644e-05,0.000430044703992303,0.00012291010125879687,0.0018991063155262664
179,179,179,179,963.9715947253685,0.00012844161101296936,8.562774067531291e-05,0.0028406225754988752,0.0016541491540022423,-2.6824935585666176e-05,0.0004300472521856106,0.0001229393416418284,0.001899129456824268
180,180,180,179,963.9715947253685,0.00012844161101296936,8.562774067531291e-05,0.0028406225754988752,0.0016541491540022423,-2.6824935585666176e-05,0.0004300472521856106,0.0001229393416418284,0.001899129456824268
181,181,181,181,963.9715897296276,0.00012843512813448532,8.562341875632355e-05,0.002839637959797343,0.0016529645080745245,-2.6826074280575374e-05,0.0004300453149517045,0.00012291057447245263,0.0018991009547067975
182,182,182,181,963.9715897296276,0.00012843512813448532,8.562341875632355e-05,0.002839637959797343,0.0016529645080745245,-2.6826074280575374e-05,0.0004300453149517045,0.00012291057447245263,0.0018991009547067975
183,183,183,183,963.9715836999304,0.00012844091434457972,8.562727622971981e-05,0.0028405818848411487,0.0016540808350178626,-2.6825718629545914e-05,0.0004300483014860533,0.00012293930460849367,0.0018991234168693888
184,184,184,183,963.9715836999304,0.00012844091434457972,8.562727622971981e-05,0.0028405818848411487,0.0016540808350178626,-2.6825718629545914e-05,0.0004300483014860533,0.00012293930460849367,0.0018991234168693888
185,185,185,185,963.9715786870793,0.0001284388644491874,8.56259096327916e-05,0.0028404746921146043,0.0016540256194618112,-2.6825994128065744e-05,0.00043004551508034144,0.00012291112056962011,0.0018991081416909247
186,186,186,185,963.9715786870793,0.0001284388644491874,8.56259096327916e-05,0.0028404746921146043,0.0016540256194618112,-2.6825994128065744e-05,0.00043004551508034144,0.00012291112056962011,0.0018991081416909247
187,187,187,187,963.9715725927666,0.0001284426442538511,8.562842950256741e-05,0.002840576359739591,0.00165404887506122,-2.6825026716539857e-05,0.0004300483484850911,0.00012294022035790747,0.0018991287980931527
188,188,188,187,963.9715725927666,0.0001284426442538511,8.562842950256741e-05,0.002840576359739591,0.00165404887506122,-2.6825026716539857e-05,0.0004300483484850911,0.00012294022035790747,0.0018991287980931527
189,189,189,189,963.9715677121337,0.0001284387684482302,8.562584563215347e-05,0.0028404698195451743,0.001654003623003224,-2.6825795965391974e-05,0.0004300458088100943,0.00012291164593418447,0.001899107937509124
190,190,190,189,963.9715677121337,0.0001284387684482302,8.562584563215347e-05,0.0028404698195451743,0.001654003623003224,-2.6825795965391974e-05,0.0004300458088100943,0.00012291164593418447,0.001899107937509124
191,191,191,191,963.9715615583568,0.00012844046887322547,8.562697924881697e-05,0.002840608077861356,0.0016540806336590127,-2.68238934283474e-05,0.0004300485898655279,0.00012294160197268839,0.0018991247887188457
192,192,192,191,963.9715615583568,0.00012844046887322547,8.562697924881697e-05,0.002840608077861356,0.0016540806336590127,-2.68238934283474e-05,0.0004300485898655279,0.00012294160197268839,0.0018991247887188457
193,193,193,193,963.9715566852631,0.00012843811525189985,8.562541016793324e-05,0.0028405998109835746,0.0016541373701992306,-2.6825511571737515e-05,0.0004300467240877388,0.00012291210930575475,0.0018991054890796662
194,194,194,193,963.9715566852631,0.00012843811525189985,8.562541016793324e-05,0.0028405998109835746,0.0016541373701992306,-2.6825511571737515e-05,0.0004300467240877388,0.00012291210930575475,0.0018991054890796662
195,195,195,195,963.9715505637921,0.00012844151281685146,8.56276752112343e-05,0.0028408107715490044,0.0016543013295002517,-2.6824800611446875e-05,0.0004300497897974504,0.00012294109778978463,0.0018991290231076994
196,196,196,195,963.9715505637921,0.00012844151281685146,8.56276752112343e-05,0.0028408107715490044,0.0016543013295002517,-2.6824800611446875e-05,0.0004300497897974504,0.00012294109778978463,0.0018991290231076994
197,197,197,197,963.9715456809142,0.0001284368900094368,8.562459333962454e-05,0.0028400698929402514,0.0016534112572384341,-2.6825640261046724e-05,0.0004300471475597364,0.0001229125393978417,0.0018991068825643992
198,198,198,197,963.9715456809142,0.0001284368900094368,8.562459333962454e-05,0.0028400698929402514,0.0016534112572384341,-2.6825640261046724e-05,0.0004300471475597364,0.0001229125393978417,0.0018991068825643992
199,199,199,199,963.9715395759558,0.00012844259595012897,8.562839730008598e-05,0.002840166319090695,0.0016535868348995484,-2.68244912203508e-05,0.00043004757819474894,0.00012294178073750384,0.0018991357693321997
200,200,200,199,963.9715395759558,0.00012844259595012897,8.562839730008598e-05,0.002840166319090695,0.0016535868348995484,-2.68244912203508e-05,0.00043004757819474894,0.00012294178073750384,0.0018991357693321997
201,201,201,201,963.9715347002466,0.00012843830130135347,8.562553420090233e-05,0.0028400807348286264,0.0016535469384551366,-2.6825246058709284e-05,0.0004300469468378917,0.00012291287354723734,0.0018991113283830185
202,202,202,201,963.9715347002466,0.00012843830130135347,8.562553420090233e-05,0.0028400807348286264,0.0016535469384551366,-2.6825246058709284e-05,0.0004300469468378917,0.00012291287354723734,0.0018991113283830185
203,203,203,203,963.9715284981335,0.00012844605505410445,8.563070336940297e-05,0.002841272112168015,0.0016548892022896005,-2.6823704775129353e-05,0.00043005044237099164,0.00012294250964004633,0.0018991345324683028
204,204,204,203,963.9715284981335,0.00012844605505410445,8.563070336940297e-05,0.002841272112168015,0.0016548892022896005,-2.6823704775129353e-05,0.00043005044237099164,0.00012294250964004633,0.0018991345324683028
205,205,205,205,963.9715237432531,0.0001284415544017259,8.562770293448392e-05,0.0028408554462876195,0.001654488990442781,-2.682552200824334e-05,0.00043004941282812054,0.000122913416937466,0.0018991159387570147
206,206,206,205,963.9715237432531,0.0001284415544017259,8.562770293448392e-05,0.0028408554462876195,0.001654488990442781,-2.682552200824334e-05,0.00043004941282812054,0.000122913416937466,0.0018991159387570147
207,207,207,207,963.9715175062713,0.0001284437441906039,8.562916279373592e-05,0.002840949635542297,0.0016545050568347306,-2.6824698199888475e-05,0.00043005182192234033,0.00012294276454824504,0.0018991303379882075
208,208,208,207,963.9715175062713,0.0001284437441906039,8.562916279373592e-05,0.002840949635542297,0.0016545050568347306,-2.6824698199888475e-05,0.00043005182192234033,0.00012294276454824504,0.0018991303379882075
209,209,209,209,963.9715127651496,0.00012844192502159402,8.5627950014396e-05,0.002840859220066966,0.001654472180286259,-2.6825472036820508e-05,0.0004300486968868771,0.0001229142217949175,0.0018991196542294413
210,210,210,209,963.9715127651496,0.00012844192502159402,8.5627950014396e-05,0.002840859220066966,0.001654472180286259,-2.6825472036820508e-05,0.0004300486968868771,0.0001229142217949175,0.0018991196542294413
211,211,211,211,963.971506567096,0.00012844397665856544,8.562931777237695e-05,0.002840945768870423,0.001654483049312526,-2.6824424326110652e-05,0.0004300536690280403,0.00012294321774341394,0.00189913494823279
212,212,212,211,963.971506567096,0.00012844397665856544,8.562931777237695e-05,0.002840945768870423,0.001654483049312526,-2.6824424326110652e-05,0.0004300536690280403,0.00012294321774341394,0.00189913494823279
213,213,213,213,963.9715017691315,0.00012844105503886927,8.562737002591284e-05,0.002840872935065153,0.0016544651665043855,-2.6825159406732024e-05,0.0004300496353367248,0.00012291455228380377,0.0018991138263923831
214,214,214,213,963.9715017691315,0.00012844105503886927,8.562737002591284e-05,0.002840872935065153,0.0016544651665043855,-2.6825159406732024e-05,0.0004300496353367248,0.00012291455228380377,0.0018991138263923831
215,215,215,215,963.9714956374553,0.00012844536228356906,8.563024152237939e-05,0.0028409286003975055,0.0016544503853234407,-2.6824080692218477e-05,0.0004300514472091911,0.00012294349399324944,0.0018991378660313106
216,216,216,215,963.9714956374553,0.00012844536228356906,8.563024152237939e-05,0.0028409286003975055,0.0016544503853234407,-2.6824080692218477e-05,0.0004300514472091911,0.00012294349399324944,0.0018991378660313106
217,217,217,217,963.9714907243515,0.00012844174335377434,8.562782890251622e-05,0.0028408533114979,0.0016544273880348547,-2.6825197823668323e-05,0.00043004921399086404,0.00012291436075361623,0.001899119521286084
218,218,218,217,963.9714907243515,0.00012844174335377434,8.562782890251622e-05,0.0028408533114979,0.0016544273880348547,-2.6825197823668323e-05,0.00043004921399086404,0.00012291436075361623,0.001899119521286084
219,219,219,219,963.9714847369676,0.00012844312516080425,8.562875010720283e-05,0.002840966919364505,0.0016544561834356641,-2.6824526182696318e-05,0.0004300529338103314,0.000122944107799422,0.0018991316132401397
220,220,220,219,963.9714847369676,0.00012844312516080425,8.562875010720283e-05,0.002840966919364505,0.0016544561834356641,-2.6824526182696318e-05,0.0004300529338103314,0.000122944107799422,0.0018991316132401397
221,221,221,221,963.9714797983695,0.00012844210065804385,8.562806710536255e-05,0.002840916165905869,0.001654466249111312,-2.6825197005031498e-05,0.00043005149229426875,0.00012291590568650618,0.0018991201984086164
222,222,222,221,963.9714797983695,0.00012844210065804385,8.562806710536255e-05,0.002840916165905869,0.001654466249111312,-2.6825197005031498e-05,0.00043005149229426875,0.00012291590568650618,0.0018991201984086164
223,223,223,223,963.9714738234438,0.00012844499288999778,8.562999525999851e-05,0.002840995495254496,0.0016544648399285846,-2.6824664667420006e-05,0.00043005372555067413,0.0001229444689720971,0.0018991381242356607
224,224,224,223,963.9714738234438,0.00012844499288999778,8.562999525999851e-05,0.002840995495254496,0.0016544648399285846,-2.6824664667420006e-05,0.00043005372555067413,0.0001229444689720971,0.0018991381242356607
225,225,225,225,963.9714688549377,0.00012844249635657334,8.562833090438222e-05,0.0028409540140816995,0.0016544875564708308,-2.6825115487551232e-05,0.0004300516214226837,0.00012291600908937578,0.0018991233722440702
226,226,226,225,963.9714688549377,0.00012844249635657334,8.562833090438222e-05,0.0028409540140816995,0.0016544875564708308,-2.6825115487551232e-05,0.0004300516214226837,0.00012291600908937578,0.0018991233722440702
227,227,227,227,963.9714629350516,0.0001284456465867334,8.563043105782227e-05,0.002841000227269496,0.0016544624555852696,-2.6823969025563388e-05,0.000430054000874079,0.00012294537557241275,0.001899144780693825
228,228,228,227,963.9714629350516,0.0001284456465867334,8.563043105782227e-05,0.002841000227269496,0.0016544624555852696,-2.6823969025563388e-05,0.000430054000874079,0.00012294537557241275,0.001899144780693825
229,229,229,229,963.9714579699048,0.00012844202366305013,8.562801577536676e-05,0.002841002170615894,0.001654522107866692,-2.6824952412581038e-05,0.0004300516079461941,0.0001229166294557174,0.0018991204478325922
230,230,230,229,963.9714579699048,0.00012844202366305013,8.562801577536676e-05,0.002841002170615894,0.001654522107866692,-2.6824952412581038e-05,0.0004300516079461941,0.0001229166294557174,0.0018991204478325922
231,231,231,231,963.9714520071745,0.00012844456450791797,8.562970967194532e-05,0.002841135859013178,0.0016545762692147924,-2.6823603006286e-05,0.00043005448179942433,0.0001229459023032592,0.001899138130600239
232,232,232,231,963.9714520071745,0.00012844456450791797,8.562970967194532e-05,0.002841135859013178,0.0016545762692147924,-2.6823603006286e-05,0.00043005448179942433,0.0001229459023032592,0.001899138130600239
233,233,233,233,963.9714471018586,0.0001284420221824567,8.562801478830447e-05,0.0028411211020029814,0.0016546289791235188,-2.682480160769163e-05,0.00043005279491961006,0.00012291706510885597,0.0018991193818419668
234,234,234,233,963.9714471018586,0.0001284420221824567,8.562801478830447e-05,0.0028411211020029814,0.0016546289791235188,-2.682480160769163e-05,0.00043005279491961006,0.00012291706510885597,0.0018991193818419668
235,235,235,235,963.9714411196069,0.00012844360031161184,8.56290668744079e-05,0.002840614940157509,0.0016538971369165654,-2.6823830723610165e-05,0.0004300554151550909,0.0001229459894311266,0.0018991402281163582
236,236,236,235,963.9714411196069,0.00012844360031161184,8.56290668744079e-05,0.002840614940157509,0.0016538971369165654,-2.6823830723610165e-05,0.0004300554151550909,0.0001229459894311266,0.0018991402281163582
237,237,237,237,963.9714362215607,0.00012843986480062797,8.562657653375198e-05,0.0028405062295911838,0.0016538483388463215,-2.6824644912326612e-05,0.00043005297643693694,0.0001229175850150782,0.0018991201235611737
238,238,238,237,963.9714362215607,0.00012843986480062797,8.562657653375198e-05,0.0028405062295911838,0.0016538483388463215,-2.6824644912326612e-05,0.00043005297643693694,0.0001229175850150782,0.0018991201235611737
239,239,239,239,963.9714302351045,0.00012844355066296553,8.562903377531035e-05,0.0028406151095209196,0.0016538896502684675,-2.682446963567925e-05,0.00043005626833028416,0.0001229463123881419,0.0018991421472973839
240,240,240,239,963.9714302351045,0.00012844355066296553,8.562903377531035e-05,0.0028406151095209196,0.0016538896502684675,-2.682446963567925e-05,0.00043005626833028416,0.0001229463123881419,0.0018991421472973839
241,241,241,241,963.9714253269041,0.00012843999970002518,8.562666646668345e-05,0.002840530807324966,0.0016538560681194784,-2.6824633314624646e-05,0.0004300531242752472,0.00012291802686174164,0.0018991209543567753
242,242,242,241,963.9714253269041,0.00012843999970002518,8.562666646668345e-05,0.002840530807324966,0.0016538560681194784,-2.6824633314624646e-05,0.0004300531242752472,0.00012291802686174164,0.0018991209543567753
243,243,243,243,963.9714193574073,0.0001284438252339426,8.56292168226284e-05,0.002840658843357756,0.0016539066299722965,-2.682310020094697e-05,0.00043005655039242646,0.00012294762292935912,0.0018991418941199773
244,244,244,243,963.9714193574073,0.0001284438252339426,8.56292168226284e-05,0.002840658843357756,0.0016539066299722965,-2.682310020094697e-05,0.00043005655039242646,0.00012294762292935912,0.0018991418941199773
245,245,245,245,963.9714144913285,0.0001284403394498923,8.562689296659487e-05,0.0028405539921142046,0.001653859570068035,-2.682463069159785e-05,0.0004300539094175832,0.00012291853365651445,0.0018991236277871
246,246,246,245,963.9714144913285,0.0001284403394498923,8.562689296659487e-05,0.0028405539921142046,0.001653859570068035,-2.682463069159785e-05,0.0004300539094175832,0.00012291853365651445,0.0018991236277871
247,247,247,247,963.9714085109295,0.00012844244610149547,8.562829740099698e-05,0.0028406539514777393,0.0016538990771304105,-2.6823550840181232e-05,0.0004300558155932839,0.00012294787452085676,0.0018991403886432245
248,248,248,247,963.9714085109295,0.00012844244610149547,8.562829740099698e-05,0.0028406539514777393,0.0016538990771304105,-2.6823550840181232e-05,0.0004300558155932839,0.00012294787452085676,0.0018991403886432245
249,249,249,249,963.9714035543973,0.00012844001511591596,8.562667674394397e-05,0.0028405851720372534,0.001653871367734849,-2.6824417962492686e-05,0.0004300545480844131,0.00012291910555346092,0.0018991228093766257
250,250,250,249,963.9714035543973,0.00012844001511591596,8.562667674394397e-05,0.0028405851720372534,0.001653871367734849,-2.6824417962492686e-05,0.0004300545480844131,0.00012291910555346092,0.0018991228093766257
251,251,251,251,963.9713976692436,0.0001284435654357874,8.562904362385826e-05,0.002840682448930617,0.0016539111833233718,-2.682251161278959e-05,0.00043005626817965346,0.00012294878368012546,0.0018991413677434674
252,252,252,251,963.9713976692436,0.0001284435654357874,8.562904362385826e-05,0.002840682448930617,0.0016539111833233718,-2.682251161278959e-05,0.00043005626817965346,0.00012294878368012546,0.0018991413677434674
253,253,253,253,963.9713927577085,0.00012844012186413734,8.562674790942489e-05,0.0028406064056663064,0.0016538756609618757,-2.682436672437477e-05,0.00043005526472247597,0.00012291960669667118,0.0018991232955324875
254,254,254,253,963.9713927577085,0.00012844012186413734,8.562674790942489e-05,0.0028406064056663064,0.0016538756609618757,-2.682436672437477e-05,0.00043005526472247597,0.00012291960669667118,0.0018991232955324875
255,255,255,255,963.971386841311,0.00012844331514894058,8.562887676596039e-05,0.002840718041442269,0.0016539247465725045,-2.6822999566716854e-05,0.00043005788397831814,0.0001229492023430423,0.0018991428223755133
256,256,256,255,963.971386841311,0.00012844331514894058,8.562887676596039e-05,0.002840718041442269,0.0016539247465725045,-2.6822999566716854e-05,0.00043005788397831814,0.0001229492023430423,0.0018991428223755133
257,257,257,257,963.9713819361543,0.00012844075212664618,8.56271680844308e-05,0.0028406388861853867,0.0016538905101878842,-2.6824441744344174e-05,0.00043005530138613587,0.00012292012880452813,0.001899129062839715
258,258,258,257,963.9713819361543,0.00012844075212664618,8.56271680844308e-05,0.0028406388861853867,0.0016538905101878842,-2.6824441744344174e-05,0.00043005530138613587,0.00012292012880452813,0.001899129062839715
259,259,259,259,963.9713759843174,0.0001284451449048707,8.563009660324714e-05,0.002840768606886935,0.001653947084422112,-2.682286708841769e-05,0.00043005941400477783,0.00012294969300746805,0.0018991500218220124
260,260,260,259,963.9713759843174,0.0001284451449048707,8.563009660324714e-05,0.002840768606886935,0.001653947084422112,-2.682286708841769e-05,0.00043005941400477783,0.00012294969300746805,0.0018991500218220124
261,261,261,261,963.9713711042687,0.00012844128798758514,8.562752532505676e-05,0.002840683816591022,0.0016539178779016411,-2.682460450086077e-05,0.00043005760803114265,0.0001229204918608215,0.0018991320780678712
262,262,262,261,963.9713711042687,0.00012844128798758514,8.562752532505676e-05,0.002840683816591022,0.0016539178779016411,-2.682460450086077e-05,0.00043005760803114265,0.0001229204918608215,0.0018991320780678712
263,263,263,263,963.9713651861784,0.00012844253062421762,8.562835374947841e-05,0.0028407759405821207,0.00165394865326445,-2.682291676187054e-05,0.0004300587433188935,0.00012295047836786976,0.001899140137323738
264,264,264,263,963.9713651861784,0.00012844253062421762,8.562835374947841e-05,0.0028407759405821207,0.00165394865326445,-2.682291676187054e-05,0.0004300587433188935,0.00012295047836786976,0.001899140137323738
265,265,265,265,963.9713603371829,0.00012844143036794264,8.562762024529509e-05,0.0028406980408542475,0.0016539324897142191,-2.6825596780868932e-05,0.0004300590163881671,0.0001229207365184698,0.0018991341441822593
266,266,266,265,963.9713603371829,0.00012844143036794264,8.562762024529509e-05,0.0028406980408542475,0.0016539324897142191,-2.6825596780868932e-05,0.0004300590163881671,0.0001229207365184698,0.0018991341441822593
267,267,267,267,963.9713543900702,0.00012844540465206666,8.563026976804444e-05,0.0028408015035659272,0.001653958331398636,-2.6822473074367137e-05,0.0004300591527756685,0.00012295073603032364,0.001899151420642827
268,268,268,267,963.9713543900702,0.00012844540465206666,8.563026976804444e-05,0.0028408015035659272,0.001653958331398636,-2.6822473074367137e-05,0.0004300591527756685,0.00012295073603032364,0.001899151420642827
269,269,269,269,963.9713495409178,0.00012844078827228822,8.562719218152548e-05,0.002841175742919937,0.0016544411058348192,-2.682400895824555e-05,0.00043005785052632116,0.0001229215769254846,0.001899127912509068
270,270,270,269,963.9713495409178,0.00012844078827228822,8.562719218152548e-05,0.002841175742919937,0.0016544411058348192,-2.682400895824555e-05,0.00043005785052632116,0.0001229215769254846,0.001899127912509068
271,271,271,271,963.9713436073122,0.00012844514126453266,8.56300941763551e-05,0.002841276742666901,0.0016545120605495189,-2.6822385581978803e-05,0.00043006112413822815,0.0001229513428542689,0.0018991487790680263
272,272,272,271,963.9713436073122,0.00012844514126453266,8.56300941763551e-05,0.002841276742666901,0.0016545120605495189,-2.6822385581978803e-05,0.00043006112413822815,0.0001229513428542689,0.0018991487790680263
273,273,273,273,963.9713387211808,0.0001284408664364578,8.562724429097186e-05,0.0028412173811073415,0.0016545151493900564,-2.6824185953455704e-05,0.00043006007160402773,0.00012292195167244724,0.001899133008035503
274,274,274,273,963.9713387211808,0.0001284408664364578,8.562724429097186e-05,0.0028412173811073415,0.0016545151493900564,-2.6824185953455704e-05,0.00043006007160402773,0.00012292195167244724,0.001899133008035503
275,275,275,275,963.9713328402652,0.00012844830681185693,8.563220454123796e-05,0.002843098358430092,0.0016567247144000084,-2.6822791898251097e-05,0.0004300610844732715,0.00012295207222345894,0.0018991493730601233
276,276,276,275,963.9713328402652,0.00012844830681185693,8.563220454123796e-05,0.002843098358430092,0.0016567247144000084,-2.6822791898251097e-05,0.0004300610844732715,0.00012295207222345894,0.0018991493730601233
277,277,277,277,963.9713279431016,0.00012844621084223684,8.563080722815788e-05,0.0028429937650663556,0.0016566692010996614,-2.68242320943593e-05,0.0004300595214953754,0.000122922305603769,0.001899138500694537
278,278,278,277,963.9713279431016,0.00012844621084223684,8.563080722815788e-05,0.0028429937650663556,0.0016566692010996614,-2.68242320943593e-05,0.0004300595214953754,0.000122922305603769,0.001899138500694537
279,279,279,279,963.971322095188,0.00012844989204705004,8.563326136470004e-05,0.002843081791546796,0.001656684636620642,-2.6822485373799443e-05,0.00043006261481860525,0.00012295241992436867,0.0018991544959281812
280,280,280,279,963.971322095188,0.00012844989204705004,8.563326136470004e-05,0.002843081791546796,0.001656684636620642,-2.6822485373799443e-05,0.00043006261481860525,0.00012295241992436867,0.0018991544959281812
281,281,281,281,963.9713171841902,0.00012844746256829298,8.563164171219531e-05,0.0028429615042319216,0.0016566146959042926,-2.682444818360996e-05,0.00043006020016212316,0.0001229227799297225,0.0018991462161892646
282,282,282,281,963.9713171841902,0.00012844746256829298,8.563164171219531e-05,0.0028429615042319216,0.0016566146959042926,-2.682444818360996e-05,0.00043006020016212316,0.0001229227799297225,0.0018991462161892646
283,283,283,283,963.9713113839827,0.00012844976691711585,8.56331779447439e-05,0.002843038281374852,0.0016566089579823475,-2.682309860018578e-05,0.00043006256458610155,0.0001229523080724243,0.001899161422318408
284,284,284,283,963.9713113839827,0.00012844976691711585,8.56331779447439e-05,0.002843038281374852,0.0016566089579823475,-2.682309860018578e-05,0.00043006256458610155,0.0001229523080724243,0.001899161422318408
285,285,285,285,963.9713063292518,0.00012844699014175065,8.563132676116711e-05,0.0028429345344642594,0.0016565666157958708,-2.6824132813234314e-05,0.0004300611179249231,0.00012292334604371152,0.0018991417962104427
286,286,286,285,963.9713063292518,0.00012844699014175065,8.563132676116711e-05,0.0028429345344642594,0.0016565666157958708,-2.6824132813234314e-05,0.0004300611179249231,0.00012292334604371152,0.0018991417962104427
287,287,287,287,963.9713005997364,0.00012845137219685832,8.563424813123888e-05,0.0028431602296317333,0.0016567587716119592,-2.6822446704044545e-05,0.0004300624448524843,0.00012295316365440456,0.0018991660071874207
288,288,288,287,963.9713005997364,0.00012845137219685832,8.563424813123888e-05,0.0028431602296317333,0.0016567587716119592,-2.6822446704044545e-05,0.0004300624448524843,0.00012295316365440456,0.0018991660071874207
289,289,289,289,963.9712956087174,0.0001284472358945854,8.563149059639027e-05,0.002843140392349778,0.0016567996481060394,-2.6823959011407217e-05,0.0004300612354748518,0.000122923777298993,0.0018991436986224902
290,290,290,289,963.9712956087174,0.0001284472358945854,8.563149059639027e-05,0.002843140392349778,0.0016567996481060394,-2.6823959011407217e-05,0.0004300612354748518,0.000122923777298993,0.0018991436986224902
291,291,291,291,963.9712898891721,0.00012844959794083843,8.56330652938923e-05,0.0028432384450385174,0.0016568373456663562,-2.6822551220440083e-05,0.00043006328539788155,0.00012295272138532903,0.001899158391413302
292,292,292,291,963.9712898891721,0.00012844959794083843,8.56330652938923e-05,0.0028432384450385174,0.0016568373456663562,-2.6822551220440083e-05,0.00043006328539788155,0.00012295272138532903,0.001899158391413302
293,293,293,293,963.9712848866825,0.00012844729869643245,8.56315324642883e-05,0.002843148167174951,0.0016567969238216007,-2.682398742501202e-05,0.0004300620138336512,0.0001229243053072135,0.0018991457063134822
294,294,294,293,963.9712848866825,0.00012844729869643245,8.56315324642883e-05,0.002843148167174951,0.0016567969238216007,-2.682398742501202e-05,0.0004300620138336512,0.0001229243053072135,0.0018991457063134822
295,295,295,295,963.9712791501224,0.0001284456554647706,8.563043697651374e-05,0.0028432181854310522,0.0016567925250659185,-2.6823183985738575e-05,0.00043006286863467996,0.0001229537425085775,0.001899139335753401
296,296,296,295,963.9712791501224,0.0001284456554647706,8.563043697651374e-05,0.0028432181854310522,0.0016567925250659185,-2.6823183985738575e-05,0.00043006286863467996,0.0001229537425085775,0.001899139335753401
297,297,297,297,963.9712742404483,0.00012844673079423496,8.563115386282331e-05,0.0028431222895086423,0.0016567505651657799,-2.682381429939401e-05,0.00043006263924950976,0.00012292479842486437,0.0018991429429565374
298,298,298,297,963.9712742404483,0.00012844673079423496,8.563115386282331e-05,0.0028431222895086423,0.0016567505651657799,-2.682381429939401e-05,0.00043006263924950976,0.00012292479842486437,0.0018991429429565374
299,299,299,299,963.9712684690751,0.00012844649038118439,8.563099358745625e-05,0.002843179030295085,0.001656738415524367,-2.682321428006812e-05,0.00043006064392123785,0.00012295393640674585,0.0018991487258697595
