phase,nf,x_index,incumbent_index,active_objective,full_objective,incumbent_active_objective,incumbent_full_objective,active_residuals,active_circuits,new_residuals_revealed,new_circuits_revealed,union_residuals_revealed,union_circuits_revealed,cumulative_eval_residuals,cumulative_eval_circuits,cumulative_shots_revealed,cumulative_eval_shots,shots_per_circuit,fpr_enabled,fpr_use_union_mask,fpr_selected_residuals,fpr_selected_circuits,fpr_new_residuals,fpr_new_circuits,fpr_union_residuals,fpr_union_circuits,delta,ng,rho,rho_active,rho_full,rho_uses_full_objective,mdec,step_norm,accepted
initial,0,0,0,140164.94191134244,140164.94191134244,140164.94191134244,140164.94191134244,3836,1918,3836,1918,3836,1918,3836,1918,713496.0,713496.0,372.0,False,True,3836,1918,3836,1918,3836,1918,0.1,,,,,False,,,True
trial,1,1,1,41583.39898333332,41583.39898333332,41583.39898333332,41583.39898333332,3836,1918,0,0,3836,1918,7672,3836,713496.0,713496.0,372.0,False,True,3836,1918,0,0,3836,1918,0.1,450847.29744496284,36.09168352005889,36.09168352005889,36.09168352005889,False,-2731.419909332294,0.1,True
trial,2,2,1,75061.49945549965,75061.49945549965,41583.39898333332,41583.39898333332,3836,1918,0,0,3836,1918,11508,5754,713496.0,713496.0,372.0,False,True,3836,1918,0,0,3836,1918,0.2,229287.12952056027,-1.0345094732454487,-1.0345094732454487,-1.0345094732454487,False,-32361.32808638214,0.2,False
trial,3,3,3,29864.080074929872,29864.080074929872,29864.080074929872,29864.080074929872,3836,1918,0,0,3836,1918,15344,7672,713496.0,713496.0,372.0,False,True,3836,1918,0,0,3836,1918,0.1,229287.12952056027,0.36398659064976097,0.36398659064976097,0.36398659064976097,False,-32197.117172594233,0.1,True
trial,4,4,3,63114.877897326776,63114.877897326776,29864.080074929872,29864.080074929872,3836,1918,0,0,3836,1918,19180,9590,713496.0,713496.0,372.0,False,True,3836,1918,0,0,3836,1918,0.2,265464.6216099475,-1.3454984617319905,-1.3454984617319905,-1.3454984617319905,False,-24712.624182115283,0.2,False
trial,5,5,3,41413.16024066725,41413.16024066725,29864.080074929872,29864.080074929872,3836,1918,0,0,3836,1918,23016,11508,713496.0,713496.0,372.0,False,True,3836,1918,0,0,3836,1918,0.1,265464.6216099475,-0.46780443410945566,-0.46780443410945566,-0.46780443410945566,False,-24687.83817263936,0.1,False
trial,6,6,6,18179.18171679465,18179.18171679465,18179.18171679465,18179.18171679465,3836,1918,0,0,3836,1918,26852,13426,723496.0,723496.0,377.21376433785196,False,True,3836,1918,0,0,3836,1918,0.05,267126.22939369915,0.5246974300032345,0.5246974300032345,0.5246974300032345,False,-24262.033865557467,0.05,True
trial,7,7,6,49421.85093565647,49421.85093565647,18179.18171679465,18179.18171679465,3836,1918,0,0,3836,1918,30688,15344,723496.0,723496.0,377.21376433785196,False,True,3836,1918,0,0,3836,1918,0.1,504613.6123739887,-2.2242708269628944,-2.2242708269628944,-2.2242708269628944,False,-14046.25229991519,0.1,False
trial,8,8,6,21326.189948943356,21326.189948943356,18179.18171679465,18179.18171679465,3836,1918,0,0,3836,1918,34524,17262,723496.0,723496.0,377.21376433785196,False,True,3836,1918,0,0,3836,1918,0.05,504613.6123739887,-0.22575952750470563,-0.22575952750470563,-0.22575952750470563,False,-13939.647495422365,0.05,False
trial,9,9,9,8682.206154943467,8682.206154943467,8682.206154943467,8682.206154943467,3836,1918,0,0,3836,1918,38360,19180,723496.0,723496.0,377.21376433785196,False,True,3836,1918,0,0,3836,1918,0.025,504613.6123739887,0.694050253606811,0.694050253606811,0.694050253606811,False,-13683.41198997868,0.025,True
trial,10,10,10,7948.237260963276,7948.237260963276,7948.237260963276,7948.237260963276,3836,1918,0,0,3836,1918,42196,21098,723496.0,723496.0,377.21376433785196,False,True,3836,1918,0,0,3836,1918,0.05,624801.8470950538,0.09874383940670364,0.09874383940670364,0.09874383940670364,False,-7433.06011180241,0.05,True
trial,11,11,11,3979.057188902848,3979.057188902848,3979.057188902848,3979.057188902848,3836,1918,0,0,3836,1918,46032,23016,733496.0,733496.0,382.42752867570385,False,True,3836,1918,0,0,3836,1918,0.1,265079.7152403734,0.6218089562464452,0.6218089562464452,0.6218089562464452,False,-6988.938148724973,0.060675975833867225,True
trial,12,12,11,4151.105224280696,4151.105224280696,3979.057188902848,3979.057188902848,3836,1918,0,0,3836,1918,49868,24934,733496.0,733496.0,382.42752867570385,False,True,3836,1918,0,0,3836,1918,0.05,669119.642195925,-0.05749797282388964,-0.05749797282388964,-0.05749797282388964,False,-2992.245238015849,0.05,False
trial,13,13,13,1820.2544672334839,1820.2544672334839,1820.2544672334839,1820.2544672334839,3836,1918,0,0,3836,1918,53704,26852,733496.0,733496.0,382.42752867570385,False,True,3836,1918,0,0,3836,1918,0.025,669119.642195925,0.7229162123566784,0.7229162123566784,0.7229162123566784,False,-2986.2419527593,0.025,True
trial,14,14,13,1947.727018145311,1947.727018145311,1820.2544672334839,1820.2544672334839,3836,1918,0,0,3836,1918,57540,28770,733496.0,733496.0,382.42752867570385,False,True,3836,1918,0,0,3836,1918,0.05,131969.59605816417,-0.14381443559146384,-0.14381443559146384,-0.14381443559146384,False,-886.3682591220573,0.05,False
trial,15,15,15,1193.439922785124,1193.439922785124,1193.439922785124,1193.439922785124,3836,1918,0,0,3836,1918,61376,30688,733496.0,733496.0,382.42752867570385,False,True,3836,1918,0,0,3836,1918,0.025,131969.59605816417,0.7085526367111837,0.7085526367111837,0.7085526367111837,False,-884.6407619873955,0.025,True
trial,16,16,16,962.1523576799166,962.1523576799166,962.1523576799166,962.1523576799166,3836,1918,0,0,3836,1918,65212,32606,743496.0,743496.0,387.6412930135558,False,True,3836,1918,0,0,3836,1918,0.05,76592.63112119577,0.9189759636056348,0.9189759636056348,0.9189759636056348,False,-545.4183206327831,0.022234819381280347,True
trial,17,17,16,1943.399559871567,1943.399559871567,962.1523576799166,962.1523576799166,3836,1918,0,0,3836,1918,69048,34524,743496.0,743496.0,387.6412930135558,False,True,3836,1918,0,0,3836,1918,0.025,15161.575423125403,-19.12447571037396,-19.12447571037396,-19.12447571037396,False,-51.30844981331324,0.024657237055093133,False
trial,18,18,16,1049.3517314943824,1049.3517314943824,962.1523576799166,962.1523576799166,3836,1918,0,0,3836,1918,72884,36442,743496.0,743496.0,387.6412930135558,False,True,3836,1918,0,0,3836,1918,0.0125,15161.575423125403,-1.706292104921007,-1.706292104921007,-1.706292104921007,False,-51.10459900914958,0.012314326248079332,False
trial,19,19,19,929.8237487633902,929.8237487633902,929.8237487633902,929.8237487633902,3836,1918,0,0,3836,1918,76720,38360,743496.0,743496.0,387.6412930135558,False,True,3836,1918,0,0,3836,1918,0.00625,15161.575423125403,0.6338905376252025,0.6338905376252025,0.6338905376252025,False,-51.0003020989109,0.00625,True
trial,20,20,19,1160.5300700563091,1160.5300700563091,929.8237487633902,929.8237487633902,3836,1918,0,0,3836,1918,80556,40278,743496.0,743496.0,387.6412930135558,False,True,3836,1918,0,0,3836,1918,0.0125,7326.200672624772,-11.745079917297836,-11.745079917297836,-11.745079917297836,False,-19.64280557624311,0.0125,False
trial,21,21,19,939.2029976068438,939.2029976068438,936.8840025996044,936.8840025996044,3836,1918,0,0,3836,1918,84392,42196,753496.0,753496.0,392.8550573514077,False,True,3836,1918,0,0,3836,1918,0.00625,9135.957054150638,-0.08897707991824381,-0.08897707991824381,-0.08897707991824381,False,-26.062835613061644,0.00625,False
trial,22,22,22,916.8660175516856,916.8660175516856,916.8660175516856,916.8660175516856,3836,1918,0,0,3836,1918,88228,44114,753496.0,753496.0,392.8550573514077,False,True,3836,1918,0,0,3836,1918,0.003125,9135.957054150638,0.77466327463326,0.77466327463326,0.77466327463326,False,-25.84088558657402,0.003125,True
trial,23,23,22,966.858670776888,966.858670776888,916.8660175516856,916.8660175516856,3836,1918,0,0,3836,1918,92064,46032,753496.0,753496.0,392.8550573514077,False,True,3836,1918,0,0,3836,1918,0.00625,4191.119809798812,-7.500929862497507,-7.500929862497507,-7.500929862497507,False,-6.664860776148739,0.00625,False
trial,24,24,22,918.1893655472577,918.1893655472577,916.8660175516856,916.8660175516856,3836,1918,0,0,3836,1918,95900,47950,753496.0,753496.0,392.8550573514077,False,True,3836,1918,0,0,3836,1918,0.003125,4191.119809798812,-0.20505929891939692,-0.20505929891939692,-0.20505929891939692,False,-6.453489320142005,0.003125,False
trial,25,25,25,912.5783103699855,912.5783103699855,912.5783103699855,912.5783103699855,3836,1918,0,0,3836,1918,99736,49868,753496.0,753496.0,392.8550573514077,False,True,3836,1918,0,0,3836,1918,0.0015625,4191.119809798812,0.7466813939975343,0.7466813939975343,0.7466813939975343,False,-5.742351712749676,0.0015625,True
trial,26,26,25,918.3867561791859,918.3867561791859,911.6357541187963,911.6357541187963,3836,1918,0,0,3836,1918,103572,51786,763496.0,763496.0,398.06882168925966,False,True,3836,1918,0,0,3836,1918,0.003125,4999.1982143588775,-3.0611733573847917,-3.0611733573847917,-3.0611733573847917,False,-2.205364176485944,0.003125,False
trial,27,27,27,910.7698706787695,910.7698706787695,910.7698706787695,910.7698706787695,3836,1918,0,0,3836,1918,107408,53704,763496.0,763496.0,398.06882168925966,False,True,3836,1918,0,0,3836,1918,0.0015625,4999.1982143588775,0.42120838796506205,0.42120838796506205,0.42120838796506205,False,-2.0557127179020003,0.0015625,True
trial,28,28,27,920.9564497506635,920.9564497506635,910.7698706787695,910.7698706787695,3836,1918,0,0,3836,1918,111244,55622,763496.0,763496.0,398.06882168925966,False,True,3836,1918,0,0,3836,1918,0.003125,2107.6844523252407,-4.929853874270423,-4.929853874270423,-4.929853874270423,False,-2.0663044649374207,0.003125,False
trial,29,29,27,910.9198837701292,910.9198837701292,910.7698706787695,910.7698706787695,3836,1918,0,0,3836,1918,115080,57540,763496.0,763496.0,398.06882168925966,False,True,3836,1918,0,0,3836,1918,0.0015625,2107.6844523252407,-0.0885884342621643,-0.0885884342621643,-0.0885884342621643,False,-1.6933710659765018,0.0015625,False
trial,30,30,30,909.9006052959152,909.9006052959152,909.9006052959152,909.9006052959152,3836,1918,0,0,3836,1918,118916,59458,763496.0,763496.0,398.06882168925966,False,True,3836,1918,0,0,3836,1918,0.00078125,2107.6844523252407,0.695495292944724,0.695495292944724,0.695495292944724,False,-1.2498508497072227,0.00078125,True
trial,31,31,30,913.9222827321491,913.9222827321491,913.5903589835457,913.5903589835457,3836,1918,0,0,3836,1918,122752,61376,773496.0,773496.0,403.28258602711156,False,True,3836,1918,0,0,3836,1918,0.0015625,3458.139318157892,-0.26437568826817415,-0.26437568826817415,-0.26437568826817415,False,-1.2555002722745268,0.0015625,False
trial,32,32,32,912.7951279195056,912.7951279195056,912.7951279195056,912.7951279195056,3836,1918,0,0,3836,1918,126588,63294,773496.0,773496.0,403.28258602711156,False,True,3836,1918,0,0,3836,1918,0.00078125,3458.139318157892,0.7318014224663172,0.7318014224663172,0.7318014224663172,False,-1.0866760293523252,0.00078125,True
trial,33,33,32,913.5043201498398,913.5043201498398,912.7951279195056,912.7951279195056,3836,1918,0,0,3836,1918,130424,65212,773496.0,773496.0,403.28258602711156,False,True,3836,1918,0,0,3836,1918,0.0015625,791.878569488281,-1.213360035552424,-1.213360035552424,-1.213360035552424,False,-0.5844862279573434,0.0015625,False
trial,34,34,34,912.6922915094692,912.6922915094692,912.6922915094692,912.6922915094692,3836,1918,0,0,3836,1918,134260,67130,773496.0,773496.0,403.28258602711156,False,True,3836,1918,0,0,3836,1918,0.00078125,791.878569488281,0.27433587635712714,0.27433587635712714,0.27433587635712714,False,-0.37485585699523155,0.00078125,True
trial,35,35,34,913.9401646322069,913.9401646322069,912.6922915094692,912.6922915094692,3836,1918,0,0,3836,1918,138096,69048,773496.0,773496.0,403.28258602711156,False,True,3836,1918,0,0,3836,1918,0.0015625,746.4034518913683,-3.121701151569623,-3.121701151569623,-3.121701151569623,False,-0.39974137886653816,0.0015625,False
trial,36,36,36,914.7810099805647,914.7810099805647,914.7810099805647,914.7810099805647,3836,1918,0,0,3836,1918,141932,70966,783445.0,783445.0,408.46976016684044,False,True,3836,1918,0,0,3836,1918,0.00078125,5394.735263974024,0.706176329586376,0.706176329586376,0.706176329586376,False,-0.8337884772039419,0.00078125,True
trial,37,37,36,915.7500983585069,915.7500983585069,914.7810099805647,914.7810099805647,3836,1918,0,0,3836,1918,145768,72884,783445.0,783445.0,408.46976016684044,False,True,3836,1918,0,0,3836,1918,0.0015625,783.6505545964587,-1.5406816533375725,-1.5406816533375725,-1.5406816533375725,False,-0.6289997520531505,0.0015625,False
trial,38,38,38,914.5064032229709,914.5064032229709,914.5064032229709,914.5064032229709,3836,1918,0,0,3836,1918,149604,74802,783445.0,783445.0,408.46976016684044,False,True,3836,1918,0,0,3836,1918,0.00078125,783.6505545964587,0.695138755314428,0.695138755314428,0.695138755314428,False,-0.3950387681515327,0.00078125,True
trial,39,39,38,916.0006049353262,916.0006049353262,914.5064032229709,914.5064032229709,3836,1918,0,0,3836,1918,153440,76720,783445.0,783445.0,408.46976016684044,False,True,3836,1918,0,0,3836,1918,0.0015625,965.8273741158014,-3.607915865313506,-3.607915865313506,-3.607915865313506,False,-0.41414538701431086,0.0015625,False
trial,40,40,38,914.6305620149583,914.6305620149583,914.5064032229709,914.5064032229709,3836,1918,0,0,3836,1918,157276,78638,783445.0,783445.0,408.46976016684044,False,True,3836,1918,0,0,3836,1918,0.00078125,965.8273741158014,-0.4394869009707722,-0.4394869009707722,-0.4394869009707722,False,-0.28250851552829503,0.00078125,False
trial,41,41,41,915.8283178472041,915.8283178472041,915.8283178472041,915.8283178472041,3836,1918,0,0,3836,1918,161112,80556,793445.0,793445.0,413.6835245046924,False,True,3836,1918,0,0,3836,1918,0.000390625,5808.329454060026,0.8323624938274943,0.8323624938274943,0.8323624938274943,False,-0.445112831179385,0.000390625,True
trial,42,42,41,915.905694312501,915.905694312501,915.8283178472041,915.8283178472041,3836,1918,0,0,3836,1918,164948,82474,793445.0,793445.0,413.6835245046924,False,True,3836,1918,0,0,3836,1918,0.00078125,278.73034161046746,-0.29512965432997956,-0.29512965432997956,-0.29512965432997956,False,-0.262177873899719,0.00078125,False
trial,43,43,43,915.7366350749157,915.7366350749157,915.7366350749157,915.7366350749157,3836,1918,0,0,3836,1918,168784,84392,793445.0,793445.0,413.6835245046924,False,True,3836,1918,0,0,3836,1918,0.000390625,278.73034161046746,0.5526450719912323,0.5526450719912323,0.5526450719912323,False,-0.16589810881327685,0.000390625,True
trial,44,44,43,915.8173695683337,915.8173695683337,915.7366350749157,915.7366350749157,3836,1918,0,0,3836,1918,172620,86310,793445.0,793445.0,413.6835245046924,False,True,3836,1918,0,0,3836,1918,0.00078125,233.89956953924613,-0.35483126419395555,-0.35483126419395555,-0.35483126419395555,False,-0.2275292556346019,0.00078125,False
trial,45,45,45,915.6979924865836,915.6979924865836,915.6979924865836,915.6979924865836,3836,1918,0,0,3836,1918,176456,88228,793445.0,793445.0,413.6835245046924,False,True,3836,1918,0,0,3836,1918,0.000390625,233.89956953924613,0.2847934465434768,0.2847934465434768,0.2847934465434768,False,-0.13568636779075643,0.000390625,True
trial,46,46,46,914.8008364548954,914.8008364548954,914.8008364548954,914.8008364548954,3836,1918,0,0,3836,1918,180292,90146,803445.0,803445.0,418.8972888425443,False,True,3836,1918,0,0,3836,1918,0.00078125,3668.76040877376,0.6698292110983145,0.6698292110983145,0.6698292110983145,False,-1.0525161758577974,0.00078125,True
trial,47,47,46,915.9096812551286,915.9096812551286,914.8008364548954,914.8008364548954,3836,1918,0,0,3836,1918,184128,92064,803445.0,803445.0,418.8972888425443,False,True,3836,1918,0,0,3836,1918,0.0015625,813.8634801142916,-1.255984491998543,-1.255984491998543,-1.255984491998543,False,-0.8828491174033546,0.0015625,False
trial,48,48,48,914.6592162041366,914.6592162041366,914.6592162041366,914.6592162041366,3836,1918,0,0,3836,1918,187964,93982,803445.0,803445.0,418.8972888425443,False,True,3836,1918,0,0,3836,1918,0.00078125,813.8634801142916,0.24795592087636578,0.24795592087636578,0.24795592087636578,False,-0.5711509136716012,0.00078125,True
trial,49,49,48,915.4712645909897,915.4712645909897,914.6592162041366,914.6592162041366,3836,1918,0,0,3836,1918,191800,95900,803445.0,803445.0,418.8972888425443,False,True,3836,1918,0,0,3836,1918,0.0015625,714.4782570236567,-2.424222040026572,-2.424222040026572,-2.424222040026572,False,-0.33497277619182936,0.0015625,False
trial,50,50,48,914.7704366876276,914.7704366876276,914.6592162041366,914.6592162041366,3836,1918,0,0,3836,1918,195636,97818,803445.0,803445.0,418.8972888425443,False,True,3836,1918,0,0,3836,1918,0.00078125,714.4782570236567,-0.36845366307806354,-0.36845366307806354,-0.36845366307806354,False,-0.3018574508443966,0.00078125,False
trial,51,51,51,915.2002983814598,915.2002983814598,915.2002983814598,915.2002983814598,3836,1918,0,0,3836,1918,199472,99736,813445.0,813445.0,424.11105318039625,False,True,3836,1918,0,0,3836,1918,0.000390625,10577.987690408318,0.8347409952617618,0.8347409952617618,0.8347409952617618,False,-0.7054065335906766,0.000390625,True
trial,52,52,51,915.2573990739997,915.2573990739997,915.2002983814598,915.2002983814598,3836,1918,0,0,3836,1918,203308,101654,813445.0,813445.0,424.11105318039625,False,True,3836,1918,0,0,3836,1918,0.00078125,505.3299968550233,-0.2516420448274001,-0.2516420448274001,-0.2516420448274001,False,-0.22691236903247458,0.00078125,False
trial,53,53,53,915.1054725809527,915.1054725809527,915.1054725809527,915.1054725809527,3836,1918,0,0,3836,1918,207144,103572,813445.0,813445.0,424.11105318039625,False,True,3836,1918,0,0,3836,1918,0.000390625,505.3299968550233,0.5334369133510998,0.5334369133510998,0.5334369133510998,False,-0.17776385198283234,0.000390625,True
trial,54,54,53,915.3435227951516,915.3435227951516,915.1054725809527,915.1054725809527,3836,1918,0,0,3836,1918,210980,105490,813445.0,813445.0,424.11105318039625,False,True,3836,1918,0,0,3836,1918,0.00078125,249.73393879650922,-1.6844048565509682,-1.6844048565509682,-1.6844048565509682,False,-0.14132600798024925,0.00078125,False
trial,55,55,53,915.1066853972922,915.1066853972922,915.1054725809527,915.1054725809527,3836,1918,0,0,3836,1918,214816,107408,813445.0,813445.0,424.11105318039625,False,True,3836,1918,0,0,3836,1918,0.000390625,249.73393879650922,-0.012325694914801805,-0.012325694914801805,-0.012325694914801805,False,-0.09839740054190776,0.000390625,False
trial,56,56,56,916.4190127173484,916.4190127173484,916.4190127173484,916.4190127173484,3836,1918,0,0,3836,1918,218652,109326,823445.0,823445.0,429.32481751824815,False,True,3836,1918,0,0,3836,1918,0.0001953125,2650.7378326825497,0.9364098900662995,0.9364098900662995,0.9364098900662995,False,-0.3667117309391522,0.0001953125,True
trial,57,57,57,916.311446240102,916.311446240102,916.311446240102,916.311446240102,3836,1918,0,0,3836,1918,222488,111244,823445.0,823445.0,429.32481751824815,False,True,3836,1918,0,0,3836,1918,0.000390625,238.76848555964713,0.619662786235079,0.619662786235079,0.619662786235079,False,-0.17358873186495272,0.000390625,True
trial,58,58,57,916.5225247577077,916.5225247577077,916.311446240102,916.311446240102,3836,1918,0,0,3836,1918,226324,113162,823445.0,823445.0,429.32481751824815,False,True,3836,1918,0,0,3836,1918,0.00078125,232.68181207073394,-1.010426722203814,-1.010426722203814,-1.010426722203814,False,-0.20890037146422513,0.00078125,False
trial,59,59,59,916.295998901399,916.295998901399,916.295998901399,916.295998901399,3836,1918,0,0,3836,1918,230160,115080,823445.0,823445.0,429.32481751824815,False,True,3836,1918,0,0,3836,1918,0.000390625,232.68181207073394,0.12056379592129421,0.12056379592129421,0.12056379592129421,False,-0.12812584893285972,0.000390625,True
trial,60,60,59,916.553596919729,916.553596919729,916.295998901399,916.295998901399,3836,1918,0,0,3836,1918,233996,116998,823445.0,823445.0,429.32481751824815,False,True,3836,1918,0,0,3836,1918,0.00078125,288.52294933006647,-0.8646536059823042,-0.8646536059823042,-0.8646536059823042,False,-0.29792048115885394,0.00078125,False
trial,61,61,61,917.581928719069,917.581928719069,917.581928719069,917.581928719069,3836,1918,0,0,3836,1918,237832,118916,833445.0,833445.0,434.5385818561001,False,True,3836,1918,0,0,3836,1918,0.000390625,4227.654656113765,0.9348888581172535,0.9348888581172535,0.9348888581172535,False,-1.0336976927284458,0.000390625,True
trial,62,62,62,917.27798733791,917.27798733791,917.27798733791,917.27798733791,3836,1918,0,0,3836,1918,241668,120834,833445.0,833445.0,434.5385818561001,False,True,3836,1918,0,0,3836,1918,0.00078125,348.85588388083085,0.521723337883512,0.521723337883512,0.521723337883512,False,-0.5825719477913585,0.00078125,True
trial,63,63,62,918.3734719708496,918.3734719708496,917.27798733791,917.27798733791,3836,1918,0,0,3836,1918,245504,122752,833445.0,833445.0,434.5385818561001,False,True,3836,1918,0,0,3836,1918,0.0015625,785.329832459864,-0.9588255365561899,-0.9588255365561899,-0.9588255365561899,False,-1.1425275935747767,0.0015625,False
trial,64,64,64,916.8713527551606,916.8713527551606,916.8713527551606,916.8713527551606,3836,1918,0,0,3836,1918,249340,124670,833445.0,833445.0,434.5385818561001,False,True,3836,1918,0,0,3836,1918,0.00078125,785.329832459864,0.5766731600592416,0.5766731600592416,0.5766731600592416,False,-0.7051387352717686,0.00078125,True
trial,65,65,64,918.1769109302695,918.1769109302695,916.8713527551606,916.8713527551606,3836,1918,0,0,3836,1918,253176,126588,833445.0,833445.0,434.5385818561001,False,True,3836,1918,0,0,3836,1918,0.0015625,711.9644804717395,-2.6702527120627777,-2.6702527120627777,-2.6702527120627777,False,-0.48892682299734547,0.0015625,False
trial,66,66,66,916.998228964285,916.998228964285,916.998228964285,916.998228964285,3836,1918,0,0,3836,1918,257012,128506,843445.0,843445.0,439.752346193952,False,True,3836,1918,0,0,3836,1918,0.00078125,6404.841166220437,0.6896245331227707,0.6896245331227707,0.6896245331227707,False,-1.1203658241418148,0.00078125,True
trial,67,67,66,919.3868329810248,919.3868329810248,916.998228964285,916.998228964285,3836,1918,0,0,3836,1918,260848,130424,843445.0,843445.0,439.752346193952,False,True,3836,1918,0,0,3836,1918,0.0015625,1052.6053569364387,-2.300425365057653,-2.300425365057653,-2.300425365057653,False,-1.0383314551393594,0.0015625,False
trial,68,68,68,916.9824384496155,916.9824384496155,916.9824384496155,916.9824384496155,3836,1918,0,0,3836,1918,264684,132342,843445.0,843445.0,439.752346193952,False,True,3836,1918,0,0,3836,1918,0.00078125,1052.6053569364387,0.02453592937600389,0.02453592937600389,0.02453592937600389,False,-0.6435670085067403,0.00078125,True
trial,69,69,69,916.7091481233706,916.7091481233706,916.7091481233706,916.7091481233706,3836,1918,0,0,3836,1918,268520,134260,843445.0,843445.0,439.752346193952,False,True,3836,1918,0,0,3836,1918,0.000390625,899.4025751018809,0.6308815068779934,0.6308815068779934,0.6308815068779934,False,-0.43318804445124504,0.000390625,True
trial,70,70,69,917.1566650468897,917.1566650468897,916.7091481233706,916.7091481233706,3836,1918,0,0,3836,1918,272356,136178,843445.0,843445.0,439.752346193952,False,True,3836,1918,0,0,3836,1918,0.00078125,305.9675791113781,-1.8877854403656305,-1.8877854403656305,-1.8877854403656305,False,-0.23705920913998813,0.00078125,False
trial,71,71,71,916.5076209768633,916.5076209768633,916.5076209768633,916.5076209768633,3836,1918,0,0,3836,1918,276192,138096,853382.0,853382.0,444.9332638164755,False,True,3836,1918,0,0,3836,1918,0.000390625,7643.796200482695,0.8286917178824057,0.8286917178824057,0.8286917178824057,False,-0.720415554111113,0.000390625,True
trial,72,72,71,916.7202457345327,916.7202457345327,916.5076209768633,916.5076209768633,3836,1918,0,0,3836,1918,280028,140014,853382.0,853382.0,444.9332638164755,False,True,3836,1918,0,0,3836,1918,0.00078125,635.3660470271977,-0.7321564684330005,-0.7321564684330005,-0.7321564684330005,False,-0.29040890415735376,0.00078125,False
trial,73,73,73,916.5010281908868,916.5010281908868,916.5010281908868,916.5010281908868,3836,1918,0,0,3836,1918,283864,141932,853382.0,853382.0,444.9332638164755,False,True,3836,1918,0,0,3836,1918,0.000390625,635.3660470271977,0.03624514841159126,0.03624514841159126,0.03624514841159126,False,-0.18189430214649308,0.000390625,True
trial,74,74,74,916.4084278068947,916.4084278068947,916.4084278068947,916.4084278068947,3836,1918,0,0,3836,1918,287700,143850,853382.0,853382.0,444.9332638164755,False,True,3836,1918,0,0,3836,1918,0.0001953125,413.8556774246826,0.6784070156278793,0.6784070156278793,0.6784070156278793,False,-0.13649679596316008,0.0001953125,True
trial,75,75,74,916.4694501188953,916.4694501188953,916.4084278068947,916.4084278068947,3836,1918,0,0,3836,1918,291536,145768,853382.0,853382.0,444.9332638164755,False,True,3836,1918,0,0,3836,1918,0.000390625,159.28174482245961,-0.5430748393148277,-0.5430748393148277,-0.5430748393148277,False,-0.112364461733577,0.000390625,False
trial,76,76,76,921.1943192979163,921.1943192979163,921.1943192979163,921.1943192979163,3836,1918,0,0,3836,1918,295372,147686,863303.0,863303.0,450.1058394160584,False,True,3836,1918,0,0,3836,1918,0.0001953125,11115.521622012451,0.9355841599190516,0.9355841599190516,0.9355841599190516,False,-0.8112596406270616,0.0001953125,True
trial,77,77,76,921.2030935508833,921.2030935508833,921.1943192979163,921.1943192979163,3836,1918,0,0,3836,1918,299208,149604,863303.0,863303.0,450.1058394160584,False,True,3836,1918,0,0,3836,1918,0.000390625,526.6165956367589,-0.05815729299351124,-0.05815729299351124,-0.05815729299351124,False,-0.15087106905002812,0.000390625,False
trial,78,78,78,921.1337373083154,921.1337373083154,921.1337373083154,921.1337373083154,3836,1918,0,0,3836,1918,303044,151522,863303.0,863303.0,450.1058394160584,False,True,3836,1918,0,0,3836,1918,0.0001953125,526.6165956367589,0.6593596348877626,0.6593596348877626,0.6593596348877626,False,-0.0918800399591,0.0001953125,True
trial,79,79,78,921.1881486494094,921.1881486494094,921.1337373083154,921.1337373083154,3836,1918,0,0,3836,1918,306880,153440,863303.0,863303.0,450.1058394160584,False,True,3836,1918,0,0,3836,1918,0.000390625,139.25756968590895,-0.510757684349779,-0.510757684349779,-0.510757684349779,False,-0.1065306362708539,0.000390625,False
trial,80,80,80,921.1123879260842,921.1123879260842,921.1123879260842,921.1123879260842,3836,1918,0,0,3836,1918,310716,155358,863303.0,863303.0,450.1058394160584,False,True,3836,1918,0,0,3836,1918,0.0001953125,139.25756968590895,0.35761223507402407,0.35761223507402407,0.35761223507402407,False,-0.05969980928293899,0.0001953125,True
trial,81,81,81,922.5717142593807,922.5717142593807,922.5717142593807,922.5717142593807,3836,1918,0,0,3836,1918,314552,157276,874668.0,874668.0,456.0312825860271,False,True,3836,1918,0,0,3836,1918,0.000390625,3928.3169901606398,0.7791710205495608,0.7791710205495608,0.7791710205495608,False,-0.7423396493410526,0.000390625,True
trial,82,82,81,922.5772495712117,922.5772495712117,922.5717142593807,922.5717142593807,3836,1918,0,0,3836,1918,318388,159194,874668.0,874668.0,456.0312825860271,False,True,3836,1918,0,0,3836,1918,0.00078125,391.08661571209615,-0.010660248788434688,-0.010660248788434688,-0.010660248788434688,False,-0.519247903207753,0.00078125,False
trial,83,83,83,922.4031796251264,922.4031796251264,922.4031796251264,922.4031796251264,3836,1918,0,0,3836,1918,322224,161112,874668.0,874668.0,456.0312825860271,False,True,3836,1918,0,0,3836,1918,0.000390625,391.08661571209615,0.5746480628512661,0.5746480628512661,0.5746480628512661,False,-0.2932832200251409,0.000390625,True
trial,84,84,83,922.6879552915375,922.6879552915375,922.4031796251264,922.4031796251264,3836,1918,0,0,3836,1918,326060,163030,874668.0,874668.0,456.0312825860271,False,True,3836,1918,0,0,3836,1918,0.00078125,301.6836297345681,-1.1931596777643825,-1.1931596777643825,-1.1931596777643825,False,-0.23867355871818227,0.00078125,False
trial,85,85,83,922.410474028788,922.410474028788,922.4031796251264,922.4031796251264,3836,1918,0,0,3836,1918,329896,164948,874668.0,874668.0,456.0312825860271,False,True,3836,1918,0,0,3836,1918,0.000390625,301.6836297345681,-0.04777435586046744,-0.04777435586046744,-0.04777435586046744,False,-0.1526845005070936,0.000390625,False
trial,86,86,86,921.6480939968558,921.6480939968558,921.6480939968558,921.6480939968558,3836,1918,0,0,3836,1918,333732,166866,887843.0,887843.0,462.900417101147,False,True,3836,1918,0,0,3836,1918,0.0001953125,4937.483282832291,0.8451547247482867,0.8451547247482867,0.8451547247482867,False,-0.3255530214532075,0.0001953125,True
trial,87,87,87,921.5459044083921,921.5459044083921,921.5459044083921,921.5459044083921,3836,1918,0,0,3836,1918,337568,168784,887843.0,887843.0,462.900417101147,False,True,3836,1918,0,0,3836,1918,0.000390625,450.0841616404158,0.44627241830372855,0.44627241830372855,0.44627241830372855,False,-0.22898477313954646,0.000390625,True
trial,88,88,87,921.8841124784151,921.8841124784151,921.5459044083921,921.5459044083921,3836,1918,0,0,3836,1918,341404,170702,887843.0,887843.0,462.900417101147,False,True,3836,1918,0,0,3836,1918,0.00078125,432.1188248874433,-0.7717530668468016,-0.7717530668468016,-0.7717530668468016,False,-0.4382335290287427,0.00078125,False
trial,89,89,89,921.4674704006268,921.4674704006268,921.4674704006268,921.4674704006268,3836,1918,0,0,3836,1918,345240,172620,887843.0,887843.0,462.900417101147,False,True,3836,1918,0,0,3836,1918,0.000390625,432.1188248874433,0.3114887833268662,0.3114887833268662,0.3114887833268662,False,-0.251803634556482,0.000390625,True
trial,90,90,89,921.8278475756982,921.8278475756982,921.4674704006268,921.4674704006268,3836,1918,0,0,3836,1918,349076,174538,887843.0,887843.0,462.900417101147,False,True,3836,1918,0,0,3836,1918,0.00078125,417.6139401455826,-0.8081311807425855,-0.8081311807425855,-0.8081311807425855,False,-0.4459389560248137,0.00078125,False
trial,91,91,91,922.9555329710579,922.9555329710579,922.9555329710579,922.9555329710579,3836,1918,0,0,3836,1918,352912,176456,903118.0,903118.0,470.86444212721585,False,True,3836,1918,0,0,3836,1918,0.000390625,8908.171731138358,0.847649032587818,0.847649032587818,0.847649032587818,False,-1.1409837680558086,0.000390625,True
trial,92,92,91,923.3297389672068,923.3297389672068,922.9555329710579,922.9555329710579,3836,1918,0,0,3836,1918,356748,178374,903118.0,903118.0,470.86444212721585,False,True,3836,1918,0,0,3836,1918,0.00078125,323.13927780249895,-0.8425202503043798,-0.8425202503043798,-0.8425202503043798,False,-0.44415074416756134,0.00078125,False
trial,93,93,93,922.8790833191758,922.8790833191758,922.8790833191758,922.8790833191758,3836,1918,0,0,3836,1918,360584,180292,903118.0,903118.0,470.86444212721585,False,True,3836,1918,0,0,3836,1918,0.000390625,323.13927780249895,0.2990343733706501,0.2990343733706501,0.2990343733706501,False,-0.25565506406616106,0.000390625,True
trial,94,94,93,923.2271483339655,923.2271483339655,922.8790833191758,922.8790833191758,3836,1918,0,0,3836,1918,364420,182210,903118.0,903118.0,470.86444212721585,False,True,3836,1918,0,0,3836,1918,0.00078125,464.10178634271244,-0.696316865045811,-0.696316865045811,-0.696316865045811,False,-0.49986584019727087,0.00078125,False
trial,95,95,95,922.8017832551741,922.8017832551741,922.8017832551741,922.8017832551741,3836,1918,0,0,3836,1918,368256,184128,903118.0,903118.0,470.86444212721585,False,True,3836,1918,0,0,3836,1918,0.000390625,464.10178634271244,0.2846418058254954,0.2846418058254954,0.2846418058254954,False,-0.2715696093114913,0.000390625,True
trial,96,96,95,923.5762038852725,923.5762038852725,923.4255785110424,923.4255785110424,3836,1918,0,0,3836,1918,372092,186046,913118.0,913118.0,476.07820646506775,False,True,3836,1918,0,0,3836,1918,0.00078125,5402.550089566767,-0.2548839613169946,-0.2548839613169946,-0.2548839613169946,False,-0.5909566590688178,0.00078125,False
trial,97,97,97,923.1720365361128,923.1720365361128,923.1720365361128,923.1720365361128,3836,1918,0,0,3836,1918,375928,187964,913118.0,913118.0,476.07820646506775,False,True,3836,1918,0,0,3836,1918,0.000390625,5402.550089566767,0.6090221006820988,0.6090221006820988,0.6090221006820988,False,-0.41630997404794534,0.000390625,True
trial,98,98,97,923.3711534716406,923.3711534716406,923.1720365361128,923.1720365361128,3836,1918,0,0,3836,1918,379764,189882,913118.0,913118.0,476.07820646506775,False,True,3836,1918,0,0,3836,1918,0.00078125,457.1290883259252,-0.359197487695965,-0.359197487695965,-0.359197487695965,False,-0.5543383301619274,0.00078125,False
trial,99,99,99,923.0378675288396,923.0378675288396,923.0378675288396,923.0378675288396,3836,1918,0,0,3836,1918,383600,191800,913118.0,913118.0,476.07820646506775,False,True,3836,1918,0,0,3836,1918,0.000390625,457.1290883259252,0.44570974259002105,0.44570974259002105,0.44570974259002105,False,-0.30102327692819797,0.000390625,True
trial,100,100,99,923.4839252720915,923.4839252720915,923.0378675288396,923.0378675288396,3836,1918,0,0,3836,1918,387436,193718,913118.0,913118.0,476.07820646506775,False,True,3836,1918,0,0,3836,1918,0.00078125,338.4370357723563,-1.3241207974504814,-1.3241207974504814,-1.3241207974504814,False,-0.33687088376738106,0.00078125,False
trial,101,101,101,923.56701041823,923.56701041823,923.56701041823,923.56701041823,3836,1918,0,0,3836,1918,391272,195636,933643.0,933643.0,486.77945776850885,False,True,3836,1918,0,0,3836,1918,0.000390625,8738.282447515676,0.867905228288766,0.867905228288766,0.867905228288766,False,-1.134869224238034,0.000390625,True
trial,102,102,101,923.7089335767364,923.7089335767364,923.56701041823,923.56701041823,3836,1918,0,0,3836,1918,395108,197554,933643.0,933643.0,486.77945776850885,False,True,3836,1918,0,0,3836,1918,0.00078125,678.9145210993793,-0.2222396269497026,-0.2222396269497026,-0.2222396269497026,False,-0.6386041969847955,0.00078125,False
trial,103,103,103,923.3584904074916,923.3584904074916,923.3584904074916,923.3584904074916,3836,1918,0,0,3836,1918,398944,199472,933643.0,933643.0,486.77945776850885,False,True,3836,1918,0,0,3836,1918,0.000390625,678.9145210993793,0.5473968186154925,0.5473968186154925,0.5473968186154925,False,-0.38093025689448856,0.000390625,True
trial,104,104,103,923.5345891983131,923.5345891983131,923.3584904074916,923.3584904074916,3836,1918,0,0,3836,1918,402780,201390,933643.0,933643.0,486.77945776850885,False,True,3836,1918,0,0,3836,1918,0.00078125,406.4780896903465,-0.44188125187482596,-0.44188125187482596,-0.44188125187482596,False,-0.3985206208102902,0.00078125,False
trial,105,105,105,923.3072656139715,923.3072656139715,923.3072656139715,923.3072656139715,3836,1918,0,0,3836,1918,406616,203308,933643.0,933643.0,486.77945776850885,False,True,3836,1918,0,0,3836,1918,0.000390625,406.4780896903465,0.21767140137142652,0.21767140137142652,0.21767140137142652,False,-0.23533083904150306,0.000390625,True
trial,106,106,106,922.0667173548027,922.0667173548027,922.0667173548027,922.0667173548027,3836,1918,0,0,3836,1918,410452,205226,943643.0,943643.0,491.9932221063608,False,True,3836,1918,0,0,3836,1918,0.00078125,6255.520751211658,0.052949124026134366,0.052949124026134366,0.052949124026134366,False,-0.8335714533245534,0.00078125,True
trial,107,107,106,924.9016208714802,924.9016208714802,922.0667173548027,922.0667173548027,3836,1918,0,0,3836,1918,414288,207144,943643.0,943643.0,491.9932221063608,False,True,3836,1918,0,0,3836,1918,0.0015625,1603.5152084584915,-1.7406308291362482,-1.7406308291362482,-1.7406308291362482,False,-1.6286644297138386,0.0015625,False
trial,108,108,108,921.7559033984178,921.7559033984178,921.7559033984178,921.7559033984178,3836,1918,0,0,3836,1918,418124,209062,943643.0,943643.0,491.9932221063608,False,True,3836,1918,0,0,3836,1918,0.00078125,1603.5152084584915,0.291072853337456,0.291072853337456,0.291072853337456,False,-1.0678218625374452,0.00078125,True
trial,109,109,108,923.4977844390726,923.4977844390726,921.7559033984178,921.7559033984178,3836,1918,0,0,3836,1918,421960,210980,943643.0,943643.0,491.9932221063608,False,True,3836,1918,0,0,3836,1918,0.0015625,1481.4515463062332,-1.8580602576179381,-1.8580602576179381,-1.8580602576179381,False,-0.9374728475641083,0.0015625,False
trial,110,110,110,921.715047279356,921.715047279356,921.715047279356,921.715047279356,3836,1918,0,0,3836,1918,425796,212898,943643.0,943643.0,491.9932221063608,False,True,3836,1918,0,0,3836,1918,0.00078125,1481.4515463062332,0.06373656307569348,0.06373656307569348,0.06373656307569348,False,-0.6410154092130684,0.00078125,True
trial,111,111,110,927.1473796329869,927.1473796329869,924.0989915923061,924.0989915923061,3836,1918,0,0,3836,1918,429632,214816,953643.0,953643.0,497.2069864442127,False,True,3836,1918,0,0,3836,1918,0.0015625,4915.611105407427,-2.320389595423383,-2.320389595423383,-2.320389595423383,False,-1.3137397472792145,0.0015625,False
trial,112,112,112,923.7642781799698,923.7642781799698,923.7642781799698,923.7642781799698,3836,1918,0,0,3836,1918,433468,216734,953643.0,953643.0,497.2069864442127,False,True,3836,1918,0,0,3836,1918,0.00078125,4915.611105407427,0.34297715866234046,0.34297715866234046,0.34297715866234046,False,-0.975905840615618,0.00078125,True
trial,113,113,112,926.0296982314222,926.0296982314222,923.7642781799698,923.7642781799698,3836,1918,0,0,3836,1918,437304,218652,953643.0,953643.0,497.2069864442127,False,True,3836,1918,0,0,3836,1918,0.0015625,1557.0590059732515,-2.1399348929244084,-2.1399348929244084,-2.1399348929244084,False,-1.0586397085925157,0.0015625,False
trial,114,114,114,923.7024508733361,923.7024508733361,923.7024508733361,923.7024508733361,3836,1918,0,0,3836,1918,441140,220570,953643.0,953643.0,497.2069864442127,False,True,3836,1918,0,0,3836,1918,0.00078125,1557.0590059732515,0.08992800074288003,0.08992800074288003,0.08992800074288003,False,-0.6875200840993518,0.00078125,True
trial,115,115,114,927.5654909362488,927.5654909362488,923.7024508733361,923.7024508733361,3836,1918,0,0,3836,1918,444976,222488,953643.0,953643.0,497.2069864442127,False,True,3836,1918,0,0,3836,1918,0.0015625,1307.1931050682563,-3.7844868645917376,-3.7844868645917376,-3.7844868645917376,False,-1.020756631250561,0.0015625,False
trial,116,116,116,924.5710428145624,924.5710428145624,924.5710428145624,924.5710428145624,3836,1918,0,0,3836,1918,448812,224406,963643.0,963643.0,502.42075078206466,False,True,3836,1918,0,0,3836,1918,0.00078125,5441.682685635165,0.29070363121273946,0.29070363121273946,0.29070363121273946,False,-1.0821365040667437,0.00078125,True
trial,117,117,116,927.2000652422232,927.2000652422232,924.5710428145624,924.5710428145624,3836,1918,0,0,3836,1918,452648,226324,963643.0,963643.0,502.42075078206466,False,True,3836,1918,0,0,3836,1918,0.0015625,1473.3847164357808,-2.2371596004557395,-2.2371596004557395,-2.2371596004557395,False,-1.1751608723513913,0.0015625,False
trial,118,118,118,924.5383096815713,924.5383096815713,924.5383096815713,924.5383096815713,3836,1918,0,0,3836,1918,456484,228242,963643.0,963643.0,502.42075078206466,False,True,3836,1918,0,0,3836,1918,0.00078125,1473.3847164357808,0.04225634854018459,0.04225634854018459,0.04225634854018459,False,-0.7746323125853931,0.00078125,True
trial,119,119,119,924.262384076568,924.262384076568,924.262384076568,924.262384076568,3836,1918,0,0,3836,1918,460320,230160,963643.0,963643.0,502.42075078206466,False,True,3836,1918,0,0,3836,1918,0.000390625,1461.0100606111641,0.5961978254650413,0.5961978254650413,0.5961978254650413,False,-0.46280880811343006,0.000390625,True
trial,120,120,119,924.3633468256538,924.3633468256538,924.262384076568,924.262384076568,3836,1918,0,0,3836,1918,464156,232078,963643.0,963643.0,502.42075078206466,False,True,3836,1918,0,0,3836,1918,0.00078125,386.33674246790133,-0.6121829450990214,-0.6121829450990214,-0.6121829450990214,False,-0.1649225119617162,0.00078125,False
trial,121,121,121,926.0812432611432,926.0812432611432,926.0812432611432,926.0812432611432,3836,1918,0,0,3836,1918,467992,233996,996413.0,996413.0,519.5062565172054,False,True,3836,1918,0,0,3836,1918,0.000390625,5150.984576289496,0.9400221399203715,0.9400221399203715,0.9400221399203715,False,-1.4080764334612588,0.000390625,True
trial,122,122,121,926.3518527894453,926.3518527894453,926.0812432611432,926.0812432611432,3836,1918,0,0,3836,1918,471828,235914,996413.0,996413.0,519.5062565172054,False,True,3836,1918,0,0,3836,1918,0.00078125,424.2605345293691,-0.7322131620240171,-0.7322131620240171,-0.7322131620240171,False,-0.3695775251486294,0.00078125,False
trial,123,123,123,925.994870570471,925.994870570471,925.994870570471,925.994870570471,3836,1918,0,0,3836,1918,475664,237832,996413.0,996413.0,519.5062565172054,False,True,3836,1918,0,0,3836,1918,0.000390625,424.2605345293691,0.3906818301880909,0.3906818301880909,0.3906818301880909,False,-0.22108192395486814,0.000390625,True
trial,124,124,123,926.345071062562,926.345071062562,925.994870570471,925.994870570471,3836,1918,0,0,3836,1918,479500,239750,996413.0,996413.0,519.5062565172054,False,True,3836,1918,0,0,3836,1918,0.00078125,475.9590949804137,-1.0838390625329877,-1.0838390625329877,-1.0838390625329877,False,-0.3231111557029746,0.00078125,False
trial,125,125,125,925.9554536804948,925.9554536804948,925.9554536804948,925.9554536804948,3836,1918,0,0,3836,1918,483336,241668,996413.0,996413.0,519.5062565172054,False,True,3836,1918,0,0,3836,1918,0.000390625,475.9590949804137,0.20618462453048284,0.20618462453048284,0.20618462453048284,False,-0.19117279024070008,0.000390625,True
trial,126,126,125,929.8105966600384,929.8105966600384,929.8028902186054,929.8028902186054,3836,1918,0,0,3836,1918,487172,243586,1006413.0,1006413.0,524.7200208550573,False,True,3836,1918,0,0,3836,1918,0.00078125,9803.558088738544,-0.010406009782147355,-0.010406009782147355,-0.010406009782147355,False,-0.7405760319615002,0.00078125,False
trial,127,127,127,929.3898196712157,929.3898196712157,929.3898196712157,929.3898196712157,3836,1918,0,0,3836,1918,491008,245504,1006413.0,1006413.0,524.7200208550573,False,True,3836,1918,0,0,3836,1918,0.000390625,9803.558088738544,0.7086285630253443,0.7086285630253443,0.7086285630253443,False,-0.5829154636755816,0.000390625,True
trial,128,128,127,929.8415704710808,929.8415704710808,929.3898196712157,929.3898196712157,3836,1918,0,0,3836,1918,494844,247422,1006413.0,1006413.0,524.7200208550573,False,True,3836,1918,0,0,3836,1918,0.00078125,439.47776439789186,-1.4521159306193963,-1.4521159306193963,-1.4521159306193963,False,-0.3110983016847519,0.00078125,False
trial,129,129,129,929.3801449054962,929.3801449054962,929.3801449054962,929.3801449054962,3836,1918,0,0,3836,1918,498680,249340,1006413.0,1006413.0,524.7200208550573,False,True,3836,1918,0,0,3836,1918,0.000390625,439.47776439789186,0.05222044305021485,0.05222044305021485,0.05222044305021485,False,-0.1852677831595675,0.000390625,True
trial,130,130,129,929.7771786054471,929.7771786054471,929.3801449054962,929.3801449054962,3836,1918,0,0,3836,1918,502516,251258,1006413.0,1006413.0,524.7200208550573,False,True,3836,1918,0,0,3836,1918,0.00078125,395.43623019914475,-1.1454125994163298,-1.1454125994163298,-1.1454125994163298,False,-0.3466294155951052,0.00078125,False
trial,131,131,131,929.6726355753624,929.6726355753624,929.6726355753624,929.6726355753624,3836,1918,0,0,3836,1918,506352,253176,1039183.0,1039183.0,541.8055265901982,False,True,3836,1918,0,0,3836,1918,0.000390625,12458.670016057034,0.8296930324524311,0.8296930324524311,0.8296930324524311,False,-0.8355712716048413,0.000390625,True
trial,132,132,131,929.8992671015562,929.8992671015562,929.6726355753624,929.6726355753624,3836,1918,0,0,3836,1918,510188,255094,1039183.0,1039183.0,541.8055265901982,False,True,3836,1918,0,0,3836,1918,0.00078125,553.7221347415766,-0.6067305407819724,-0.6067305407819724,-0.6067305407819724,False,-0.37352912200818533,0.00078125,False
trial,133,133,133,929.5709302634216,929.5709302634216,929.5709302634216,929.5709302634216,3836,1918,0,0,3836,1918,514024,257012,1039183.0,1039183.0,541.8055265901982,False,True,3836,1918,0,0,3836,1918,0.000390625,553.7221347415766,0.4160759148103934,0.4160759148103934,0.4160759148103934,False,-0.24443931580887585,0.000390625,True
trial,134,134,133,930.0760815723618,930.0760815723618,929.5709302634216,929.5709302634216,3836,1918,0,0,3836,1918,517860,258930,1039183.0,1039183.0,541.8055265901982,False,True,3836,1918,0,0,3836,1918,0.00078125,402.5727786056561,-1.4715684002279374,-1.4715684002279374,-1.4715684002279374,False,-0.34327409372336354,0.00078125,False
trial,135,135,133,929.5735838918397,929.5735838918397,929.5709302634216,929.5709302634216,3836,1918,0,0,3836,1918,521696,260848,1039183.0,1039183.0,541.8055265901982,False,True,3836,1918,0,0,3836,1918,0.000390625,402.5727786056561,-0.013920187753341088,-0.013920187753341088,-0.013920187753341088,False,-0.19063165419339256,0.000390625,False
trial,136,136,136,926.4296284252935,926.4296284252935,926.4296284252935,926.4296284252935,3836,1918,0,0,3836,1918,525532,262766,1096938.0,1096938.0,571.9176225234619,False,True,3836,1918,0,0,3836,1918,0.0001953125,11042.635444626647,0.9715588595703986,0.9715588595703986,0.9715588595703986,False,-1.1873451205097711,0.0001953125,True
trial,137,137,137,926.3225267756702,926.3225267756702,926.3225267756702,926.3225267756702,3836,1918,0,0,3836,1918,529368,264684,1096938.0,1096938.0,571.9176225234619,False,True,3836,1918,0,0,3836,1918,0.000390625,532.5420190261767,0.3657690122687149,0.3657690122687149,0.3657690122687149,False,-0.2928122559069136,0.000390625,True
trial,138,138,137,926.576994172019,926.576994172019,926.3225267756702,926.3225267756702,3836,1918,0,0,3836,1918,533204,266602,1096938.0,1096938.0,571.9176225234619,False,True,3836,1918,0,0,3836,1918,0.00078125,585.6725786884331,-0.36917011458105126,-0.36917011458105126,-0.36917011458105126,False,-0.689295764467734,0.00078125,False
trial,139,139,139,926.145085324282,926.145085324282,926.145085324282,926.145085324282,3836,1918,0,0,3836,1918,537040,268520,1096938.0,1096938.0,571.9176225234619,False,True,3836,1918,0,0,3836,1918,0.000390625,585.6725786884331,0.4696739666800088,0.4696739666800088,0.4696739666800088,False,-0.3777970762196158,0.000390625,True
trial,140,140,139,926.7245805663239,926.7245805663239,926.145085324282,926.145085324282,3836,1918,0,0,3836,1918,540876,270438,1096938.0,1096938.0,571.9176225234619,False,True,3836,1918,0,0,3836,1918,0.00078125,466.362699409057,-3.2720952146144486,-3.2720952146144486,-3.2720952146144486,False,-0.17710219417014306,0.00078125,False
trial,141,141,141,931.4064144824442,931.4064144824442,931.4064144824442,931.4064144824442,3836,1918,0,0,3836,1918,544712,272356,1129708.0,1129708.0,589.0031282586027,False,True,3836,1918,0,0,3836,1918,0.000390625,8870.232787658375,0.9253403687893038,0.9253403687893038,0.9253403687893038,False,-1.120955622595238,0.000390625,True
trial,142,142,141,931.6511677421997,931.6511677421997,931.4064144824442,931.4064144824442,3836,1918,0,0,3836,1918,548548,274274,1129708.0,1129708.0,589.0031282586027,False,True,3836,1918,0,0,3836,1918,0.00078125,696.5815510475932,-0.5218681505446493,-0.5218681505446493,-0.5218681505446493,False,-0.4689944375798,0.00078125,False
trial,143,143,143,931.2428500683598,931.2428500683598,931.2428500683598,931.2428500683598,3836,1918,0,0,3836,1918,552384,276192,1129708.0,1129708.0,589.0031282586027,False,True,3836,1918,0,0,3836,1918,0.000390625,696.5815510475932,0.5534396568978696,0.5534396568978696,0.5534396568978696,False,-0.2955415500965083,0.000390625,True
trial,144,144,143,931.6963401552214,931.6963401552214,931.2428500683598,931.2428500683598,3836,1918,0,0,3836,1918,556220,278110,1129708.0,1129708.0,589.0031282586027,False,True,3836,1918,0,0,3836,1918,0.00078125,410.514517221468,-1.5756494268343728,-1.5756494268343728,-1.5756494268343728,False,-0.28781153925383296,0.00078125,False
trial,145,145,145,931.2239907720839,931.2239907720839,931.2239907720839,931.2239907720839,3836,1918,0,0,3836,1918,560056,280028,1129708.0,1129708.0,589.0031282586027,False,True,3836,1918,0,0,3836,1918,0.000390625,410.514517221468,0.10395438346171057,0.10395438346171057,0.10395438346171057,False,-0.18141896135456373,0.000390625,True
trial,146,146,145,931.1877809942694,931.1877809942694,930.8320123681526,930.8320123681526,3836,1918,0,0,3836,1918,563892,281946,1139708.0,1139708.0,594.2168925964546,False,True,3836,1918,0,0,3836,1918,0.00078125,3869.43095742708,-0.6363162480632982,-0.6363162480632982,-0.6363162480632982,False,-0.5591066190743433,0.00078125,False
trial,147,147,147,930.6708045806549,930.6708045806549,930.6708045806549,930.6708045806549,3836,1918,0,0,3836,1918,567728,283864,1139708.0,1139708.0,594.2168925964546,False,True,3836,1918,0,0,3836,1918,0.000390625,3869.43095742708,0.47447700829825,0.47447700829825,0.47447700829825,False,-0.33975890228247796,0.000390625,True
trial,148,148,147,931.1598385863067,931.1598385863067,930.6708045806549,930.6708045806549,3836,1918,0,0,3836,1918,571564,285782,1139708.0,1139708.0,594.2168925964546,False,True,3836,1918,0,0,3836,1918,0.00078125,406.0772691407805,-1.8038632544749926,-1.8038632544749926,-1.8038632544749926,False,-0.2711037017016602,0.00078125,False
trial,149,149,147,930.6725506889048,930.6725506889048,930.6708045806549,930.6708045806549,3836,1918,0,0,3836,1918,575400,287700,1139708.0,1139708.0,594.2168925964546,False,True,3836,1918,0,0,3836,1918,0.000390625,406.0772691407805,-0.010240082263754358,-0.010240082263754358,-0.010240082263754358,False,-0.17051701391935625,0.000390625,False
trial,150,150,150,930.6172509890916,930.6172509890916,930.6172509890916,930.6172509890916,3836,1918,0,0,3836,1918,579236,289618,1139708.0,1139708.0,594.2168925964546,False,True,3836,1918,0,0,3836,1918,0.0001953125,406.0772691407805,0.5521436192407825,0.5521436192407825,0.5521436192407825,False,-0.09699214062624585,0.0001953125,True
trial,151,151,151,931.3604530595909,931.3604530595909,931.3604530595909,931.3604530595909,3836,1918,0,0,3836,1918,583072,291536,1172478.0,1172478.0,611.3023983315954,False,True,3836,1918,0,0,3836,1918,0.000390625,4348.585524466748,0.913477947376499,0.913477947376499,0.913477947376499,False,-1.0428146815800012,0.000390625,True
trial,152,152,151,931.5312792938869,931.5312792938869,931.3604530595909,931.3604530595909,3836,1918,0,0,3836,1918,586908,293454,1172478.0,1172478.0,611.3023983315954,False,True,3836,1918,0,0,3836,1918,0.00078125,478.257590770165,-0.49842786320596866,-0.49842786320596866,-0.49842786320596866,False,-0.34273010581151103,0.00078125,False
trial,153,153,153,931.2778187480371,931.2778187480371,931.2778187480371,931.2778187480371,3836,1918,0,0,3836,1918,590744,295372,1172478.0,1172478.0,611.3023983315954,False,True,3836,1918,0,0,3836,1918,0.000390625,478.257590770165,0.4123699239648152,0.4123699239648152,0.4123699239648152,False,-0.20038879353580535,0.000390625,True
trial,154,154,153,931.7003607190818,931.7003607190818,931.2778187480371,931.2778187480371,3836,1918,0,0,3836,1918,594580,297290,1172478.0,1172478.0,611.3023983315954,False,True,3836,1918,0,0,3836,1918,0.00078125,424.4802010927565,-1.6512582476373185,-1.6512582476373185,-1.6512582476373185,False,-0.25589090722135954,0.00078125,False
trial,155,155,153,931.2780904664286,931.2780904664286,931.2778187480371,931.2778187480371,3836,1918,0,0,3836,1918,598416,299208,1172478.0,1172478.0,611.3023983315954,False,True,3836,1918,0,0,3836,1918,0.000390625,424.4802010927565,-0.0016535635281539048,-0.0016535635281539048,-0.0016535635281539048,False,-0.16432292247575772,0.000390625,False
trial,156,156,156,937.0188668983585,937.0188668983585,937.0188668983585,937.0188668983585,3836,1918,0,0,3836,1918,602252,301126,1276788.0,1276788.0,665.6871741397289,False,True,3836,1918,0,0,3836,1918,0.0001953125,19244.282141182633,0.9777525384938335,0.9777525384938335,0.9777525384938335,False,-3.4017442220462897,0.0001953125,True
trial,157,157,157,936.108916333265,936.108916333265,936.108916333265,936.108916333265,3836,1918,0,0,3836,1918,606088,303044,1276788.0,1276788.0,665.6871741397289,False,True,3836,1918,0,0,3836,1918,0.000390625,2101.0983988651915,0.7806417422036466,0.7806417422036466,0.7806417422036466,False,-1.1656442589462532,0.000390625,True
trial,158,158,157,936.7634821843803,936.7634821843803,936.108916333265,936.108916333265,3836,1918,0,0,3836,1918,609924,304962,1276788.0,1276788.0,665.6871741397289,False,True,3836,1918,0,0,3836,1918,0.00078125,1029.4259763988932,-0.662235077206791,-0.662235077206791,-0.662235077206791,False,-0.9884191786943228,0.00078125,False
trial,159,159,159,935.8638992956501,935.8638992956501,935.8638992956501,935.8638992956501,3836,1918,0,0,3836,1918,613760,306880,1276788.0,1276788.0,665.6871741397289,False,True,3836,1918,0,0,3836,1918,0.000390625,1029.4259763988932,0.38826927569864766,0.38826927569864766,0.38826927569864766,False,-0.6310492561485225,0.000390625,True
trial,160,160,159,936.6513033121987,936.6513033121987,935.8638992956501,935.8638992956501,3836,1918,0,0,3836,1918,617596,308798,1276788.0,1276788.0,665.6871741397289,False,True,3836,1918,0,0,3836,1918,0.00078125,798.1947631997098,-0.7569321644745477,-0.7569321644745477,-0.7569321644745477,False,-1.0402570448241426,0.00078125,False
trial,161,161,161,935.2312174560393,935.2312174560393,935.2312174560393,935.2312174560393,3836,1918,0,0,3836,1918,621432,310716,1309558.0,1309558.0,682.7726798748697,False,True,3836,1918,0,0,3836,1918,0.000390625,11227.26159907961,0.6491557575929192,0.6491557575929192,0.6491557575929192,False,-1.2069889795221607,0.000390625,True
trial,162,162,161,936.1420566586423,936.1420566586423,935.2312174560393,935.2312174560393,3836,1918,0,0,3836,1918,625268,312634,1309558.0,1309558.0,682.7726798748697,False,True,3836,1918,0,0,3836,1918,0.00078125,1307.151295094358,-1.1835165753972252,-1.1835165753972252,-1.1835165753972252,False,-0.7696040947270406,0.00078125,False
trial,163,163,163,935.197579669826,935.197579669826,935.197579669826,935.197579669826,3836,1918,0,0,3836,1918,629104,314552,1309558.0,1309558.0,682.7726798748697,False,True,3836,1918,0,0,3836,1918,0.000390625,1307.151295094358,0.07519842324525709,0.07519842324525709,0.07519842324525709,False,-0.44732036606078424,0.000390625,True
trial,164,164,163,936.0493207746081,936.0493207746081,935.197579669826,935.197579669826,3836,1918,0,0,3836,1918,632940,316470,1309558.0,1309558.0,682.7726798748697,False,True,3836,1918,0,0,3836,1918,0.00078125,771.1439835023065,-0.8592978454004667,-0.8592978454004667,-0.8592978454004667,False,-0.9912059122935319,0.00078125,False
trial,165,165,165,935.0543466912812,935.0543466912812,935.0543466912812,935.0543466912812,3836,1918,0,0,3836,1918,636776,318388,1309558.0,1309558.0,682.7726798748697,False,True,3836,1918,0,0,3836,1918,0.000390625,771.1439835023065,0.25726526941876254,0.25726526941876254,0.25726526941876254,False,-0.5567520982074535,0.000390625,True
trial,166,166,165,934.9094082747467,934.9094082747467,934.5974532315591,934.5974532315591,3836,1918,0,0,3836,1918,640612,320306,1319558.0,1319558.0,687.9864442127216,False,True,3836,1918,0,0,3836,1918,0.00078125,24154.17321388627,-0.2650141028958638,-0.2650141028958638,-0.2650141028958638,False,-1.1771261973562837,0.00078125,False
trial,167,167,167,934.0139094807126,934.0139094807126,934.0139094807126,934.0139094807126,3836,1918,0,0,3836,1918,644448,322224,1319558.0,1319558.0,687.9864442127216,False,True,3836,1918,0,0,3836,1918,0.000390625,24154.17321388627,0.6525838724184578,0.6525838724184578,0.6525838724184578,False,-0.8942049834665772,0.000390625,True
trial,168,168,167,934.8809063562271,934.8809063562271,934.0139094807126,934.0139094807126,3836,1918,0,0,3836,1918,648284,324142,1319558.0,1319558.0,687.9864442127216,False,True,3836,1918,0,0,3836,1918,0.00078125,565.1865903762679,-1.2899699273560523,-1.2899699273560523,-1.2899699273560523,False,-0.6721062694007817,0.00078125,False
trial,169,169,169,933.9778523936213,933.9778523936213,933.9778523936213,933.9778523936213,3836,1918,0,0,3836,1918,652120,326060,1319558.0,1319558.0,687.9864442127216,False,True,3836,1918,0,0,3836,1918,0.000390625,565.1865903762679,0.09236805617845152,0.09236805617845152,0.09236805617845152,False,-0.3903631686440066,0.000390625,True
trial,170,170,169,934.6854727905284,934.6854727905284,933.9778523936213,933.9778523936213,3836,1918,0,0,3836,1918,655956,327978,1319558.0,1319558.0,687.9864442127216,False,True,3836,1918,0,0,3836,1918,0.00078125,693.8671587810697,-0.9425079572448407,-0.9425079572448407,-0.9425079572448407,False,-0.750784533401249,0.00078125,False
trial,171,171,171,934.258030372806,934.258030372806,934.258030372806,934.258030372806,3836,1918,0,0,3836,1918,659792,329896,1352328.0,1352328.0,705.0719499478623,False,True,3836,1918,0,0,3836,1918,0.000390625,4739.506489933535,0.6197001366092084,0.6197001366092084,0.6197001366092084,False,-0.8966649608707374,0.000390625,True
trial,172,172,171,935.0349025840711,935.0349025840711,934.258030372806,934.258030372806,3836,1918,0,0,3836,1918,663628,331814,1352328.0,1352328.0,705.0719499478623,False,True,3836,1918,0,0,3836,1918,0.00078125,662.838000385894,-1.0354168891447397,-1.0354168891447397,-1.0354168891447397,False,-0.7502989563042313,0.00078125,False
trial,173,173,173,934.1542954439025,934.1542954439025,934.1542954439025,934.1542954439025,3836,1918,0,0,3836,1918,667464,333732,1352328.0,1352328.0,705.0719499478623,False,True,3836,1918,0,0,3836,1918,0.000390625,662.838000385894,0.23080422678101353,0.23080422678101353,0.23080422678101353,False,-0.4494498664532726,0.000390625,True
trial,174,174,173,934.8198349239394,934.8198349239394,934.1542954439025,934.1542954439025,3836,1918,0,0,3836,1918,671300,335650,1352328.0,1352328.0,705.0719499478623,False,True,3836,1918,0,0,3836,1918,0.00078125,713.2359577309469,-0.8932414219931419,-0.8932414219931419,-0.8932414219931419,False,-0.7450835391756662,0.00078125,False
trial,175,175,175,934.0514983394639,934.0514983394639,934.0514983394639,934.0514983394639,3836,1918,0,0,3836,1918,675136,337568,1352328.0,1352328.0,705.0719499478623,False,True,3836,1918,0,0,3836,1918,0.000390625,713.2359577309469,0.2329125662865105,0.2329125662865105,0.2329125662865105,False,-0.44135490874324024,0.000390625,True
trial,176,176,175,935.9682871087806,935.9682871087806,935.2889858741123,935.2889858741123,3836,1918,0,0,3836,1918,678972,339486,1362328.0,1362328.0,710.2857142857143,False,True,3836,1918,0,0,3836,1918,0.00078125,2088.218046807649,-0.8166328804986236,-0.8166328804986236,-0.8166328804986236,False,-0.831831843769891,0.00078125,False
trial,177,177,177,935.079817103743,935.079817103743,935.079817103743,935.079817103743,3836,1918,0,0,3836,1918,682808,341404,1362328.0,1362328.0,710.2857142857143,False,True,3836,1918,0,0,3836,1918,0.000390625,2088.218046807649,0.3781372016348398,0.3781372016348398,0.3781372016348398,False,-0.5531557579231906,0.000390625,True
trial,178,178,177,935.7751754777445,935.7751754777445,935.079817103743,935.079817103743,3836,1918,0,0,3836,1918,686644,343322,1362328.0,1362328.0,710.2857142857143,False,True,3836,1918,0,0,3836,1918,0.00078125,680.596900090042,-0.9679534354007084,-0.9679534354007084,-0.9679534354007084,False,-0.7183799845842613,0.00078125,False
trial,179,179,179,935.0035515671162,935.0035515671162,935.0035515671162,935.0035515671162,3836,1918,0,0,3836,1918,690480,345240,1362328.0,1362328.0,710.2857142857143,False,True,3836,1918,0,0,3836,1918,0.000390625,680.596900090042,0.18393919786909937,0.18393919786909937,0.18393919786909937,False,-0.41462362297067773,0.000390625,True
trial,180,180,179,935.8488842927813,935.8488842927813,935.0035515671162,935.0035515671162,3836,1918,0,0,3836,1918,694316,347158,1362328.0,1362328.0,710.2857142857143,False,True,3836,1918,0,0,3836,1918,0.00078125,577.9477132798592,-1.2988010779589743,-1.2988010779589743,-1.2988010779589743,False,-0.6508561934623049,0.00078125,False
trial,181,181,181,931.9152610208944,931.9152610208944,931.9152610208944,931.9152610208944,3836,1918,0,0,3836,1918,698152,349076,1395098.0,1395098.0,727.371220020855,False,True,3836,1918,0,0,3836,1918,0.000390625,5296.895906537621,0.6740834696374304,0.6740834696374304,0.6740834696374304,False,-1.0551644155889175,0.000390625,True
trial,182,182,181,932.5521664276089,932.5521664276089,931.9152610208944,931.9152610208944,3836,1918,0,0,3836,1918,701988,350994,1395098.0,1395098.0,727.371220020855,False,True,3836,1918,0,0,3836,1918,0.00078125,753.627265904959,-0.7925192768817589,-0.7925192768817589,-0.7925192768817589,False,-0.8036465803336269,0.00078125,False
trial,183,183,183,931.792786210095,931.792786210095,931.792786210095,931.792786210095,3836,1918,0,0,3836,1918,705824,352912,1395098.0,1395098.0,727.371220020855,False,True,3836,1918,0,0,3836,1918,0.000390625,753.627265904959,0.2641232544687512,0.2641232544687512,0.2641232544687512,False,-0.4637032473560844,0.000390625,True
trial,184,184,183,932.5929784845928,932.5929784845928,931.792786210095,931.792786210095,3836,1918,0,0,3836,1918,709660,354830,1395098.0,1395098.0,727.371220020855,False,True,3836,1918,0,0,3836,1918,0.00078125,601.232026217843,-1.1353244899671777,-1.1353244899671777,-1.1353244899671777,False,-0.7048137176367533,0.00078125,False
trial,185,185,185,931.7236601013924,931.7236601013924,931.7236601013924,931.7236601013924,3836,1918,0,0,3836,1918,713496,356748,1395098.0,1395098.0,727.371220020855,False,True,3836,1918,0,0,3836,1918,0.000390625,601.232026217843,0.16762113060463807,0.16762113060463807,0.16762113060463807,False,-0.4123949555358123,0.000390625,True
trial,186,186,185,932.5666357610721,932.5666357610721,931.7891097254949,931.7891097254949,3836,1918,0,0,3836,1918,717332,358666,1405098.0,1405098.0,732.584984358707,False,True,3836,1918,0,0,3836,1918,0.00078125,1553.7431581159917,-0.9261814434039336,-0.9261814434039336,-0.9261814434039336,False,-0.83949645192593,0.00078125,False
trial,187,187,187,931.6587925962456,931.6587925962456,931.6587925962456,931.6587925962456,3836,1918,0,0,3836,1918,721168,360584,1405098.0,1405098.0,732.584984358707,False,True,3836,1918,0,0,3836,1918,0.000390625,1553.7431581159917,0.2635762600129441,0.2635762600129441,0.2635762600129441,False,-0.49441906961919235,0.000390625,True
trial,188,188,187,932.4983894040959,932.4983894040959,931.6587925962456,931.6587925962456,3836,1918,0,0,3836,1918,725004,362502,1405098.0,1405098.0,732.584984358707,False,True,3836,1918,0,0,3836,1918,0.00078125,599.0407934797571,-1.2334194101880174,-1.2334194101880174,-1.2334194101880174,False,-0.6807066606178186,0.00078125,False
trial,189,189,189,931.6160321119119,931.6160321119119,931.6160321119119,931.6160321119119,3836,1918,0,0,3836,1918,728840,364420,1405098.0,1405098.0,732.584984358707,False,True,3836,1918,0,0,3836,1918,0.000390625,599.0407934797571,0.10723426732807617,0.10723426732807617,0.10723426732807617,False,-0.39875764901614213,0.000390625,True
trial,190,190,189,932.4642009690941,932.4642009690941,931.6160321119119,931.6160321119119,3836,1918,0,0,3836,1918,732676,366338,1405098.0,1405098.0,732.584984358707,False,True,3836,1918,0,0,3836,1918,0.00078125,722.4724024907836,-1.0970743952637432,-1.0970743952637432,-1.0970743952637432,False,-0.773118815682827,0.00078125,False
trial,191,191,191,931.4639818746316,931.4639818746316,931.4639818746316,931.4639818746316,3836,1918,0,0,3836,1918,736512,368256,1437694.0,1437694.0,749.5797705943692,False,True,3836,1918,0,0,3836,1918,0.000390625,16168.43968653771,0.5954604224631376,0.5954604224631376,0.5954604224631376,False,-0.9018071893841885,0.000390625,True
trial,192,192,191,932.2569669391758,932.2569669391758,931.4639818746316,931.4639818746316,3836,1918,0,0,3836,1918,740348,370174,1437694.0,1437694.0,749.5797705943692,False,True,3836,1918,0,0,3836,1918,0.00078125,1494.099323457711,-1.1502516250419441,-1.1502516250419441,-1.1502516250419441,False,-0.6894013859925983,0.00078125,False
trial,193,193,193,931.4315124120026,931.4315124120026,931.4315124120026,931.4315124120026,3836,1918,0,0,3836,1918,744184,372092,1437694.0,1437694.0,749.5797705943692,False,True,3836,1918,0,0,3836,1918,0.000390625,1494.099323457711,0.0819561195718733,0.0819561195718733,0.0819561195718733,False,-0.39618106370383965,0.000390625,True
trial,194,194,193,932.2874566379303,932.2874566379303,931.4315124120026,931.4315124120026,3836,1918,0,0,3836,1918,748020,374010,1437694.0,1437694.0,749.5797705943692,False,True,3836,1918,0,0,3836,1918,0.00078125,772.2096960209665,-1.022153957282851,-1.022153957282851,-1.022153957282851,False,-0.8373926646070377,0.00078125,False
trial,195,195,195,931.3169987266557,931.3169987266557,931.3169987266557,931.3169987266557,3836,1918,0,0,3836,1918,751856,375928,1437694.0,1437694.0,749.5797705943692,False,True,3836,1918,0,0,3836,1918,0.000390625,772.2096960209665,0.23830728274587457,0.23830728274587457,0.23830728274587457,False,-0.48052952485297407,0.000390625,True
trial,196,196,195,931.6668304891149,931.6668304891149,930.974716041413,930.974716041413,3836,1918,0,0,3836,1918,755692,377846,1447694.0,1447694.0,754.7935349322211,False,True,3836,1918,0,0,3836,1918,0.00078125,2998.33356347194,-0.8878365499072685,-0.8878365499072685,-0.8878365499072685,False,-0.7795516503281894,0.00078125,False
trial,197,197,197,930.8466552138398,930.8466552138398,930.8466552138398,930.8466552138398,3836,1918,0,0,3836,1918,759528,379764,1447694.0,1447694.0,754.7935349322211,False,True,3836,1918,0,0,3836,1918,0.000390625,2998.33356347194,0.25877152098772005,0.25877152098772005,0.25877152098772005,False,-0.49487991214960286,0.000390625,True
trial,198,198,197,931.7151927809268,931.7151927809268,930.8466552138398,930.8466552138398,3836,1918,0,0,3836,1918,763364,381682,1447694.0,1447694.0,754.7935349322211,False,True,3836,1918,0,0,3836,1918,0.00078125,790.8117131071568,-1.056386058640531,-1.056386058640531,-1.056386058640531,False,-0.822178180015728,0.00078125,False
trial,199,199,199,930.7403529544542,930.7403529544542,930.7403529544542,930.7403529544542,3836,1918,0,0,3836,1918,767200,383600,1447694.0,1447694.0,754.7935349322211,False,True,3836,1918,0,0,3836,1918,0.000390625,790.8117131071568,0.2248662722007975,0.2248662722007975,0.2248662722007975,False,-0.47273545447760745,0.000390625,True
trial,200,200,199,931.5356121496427,931.5356121496427,930.7403529544542,930.7403529544542,3836,1918,0,0,3836,1918,771036,385518,1447694.0,1447694.0,754.7935349322211,False,True,3836,1918,0,0,3836,1918,0.00078125,615.2533525261042,-1.2398581651204474,-1.2398581651204474,-1.2398581651204474,False,-0.641411427178211,0.00078125,False
trial,201,201,201,931.3437561805205,931.3437561805205,931.3437561805205,931.3437561805205,3836,1918,0,0,3836,1918,774872,387436,1480464.0,1480464.0,771.8790406673619,False,True,3836,1918,0,0,3836,1918,0.000390625,8984.670911962055,0.6960349415733127,0.6960349415733127,0.6960349415733127,False,-1.1399280421754832,0.000390625,True
trial,202,202,201,932.2154950721831,932.2154950721831,931.3437561805205,931.3437561805205,3836,1918,0,0,3836,1918,778708,389354,1480464.0,1480464.0,771.8790406673619,False,True,3836,1918,0,0,3836,1918,0.00078125,817.1637991973549,-1.0403965334325223,-1.0403965334325223,-1.0403965334325223,False,-0.8378909998734339,0.00078125,False
trial,203,203,203,931.200154957002,931.200154957002,931.200154957002,931.200154957002,3836,1918,0,0,3836,1918,782544,391272,1480464.0,1480464.0,771.8790406673619,False,True,3836,1918,0,0,3836,1918,0.000390625,817.1637991973549,0.27964533391418794,0.27964533391418794,0.27964533391418794,False,-0.5135119599831988,0.000390625,True
trial,204,204,203,932.0130125014962,932.0130125014962,931.200154957002,931.200154957002,3836,1918,0,0,3836,1918,786380,393190,1480464.0,1480464.0,771.8790406673619,False,True,3836,1918,0,0,3836,1918,0.00078125,640.3743815560781,-1.2545537802533915,-1.2545537802533915,-1.2545537802533915,False,-0.6479256268551177,0.00078125,False
trial,205,205,205,931.1824122856166,931.1824122856166,931.1824122856166,931.1824122856166,3836,1918,0,0,3836,1918,790216,395108,1480464.0,1480464.0,771.8790406673619,False,True,3836,1918,0,0,3836,1918,0.000390625,640.3743815560781,0.046455668772627495,0.046455668772627495,0.046455668772627495,False,-0.3819269392569207,0.000390625,True
trial,206,206,206,932.0759803290085,932.0759803290085,932.0759803290085,932.0759803290085,3836,1918,0,0,3836,1918,794052,397026,1611539.0,1611539.0,840.218456725756,False,True,3836,1918,0,0,3836,1918,0.0001953125,32690.570334196982,0.9539268984127001,0.9539268984127001,0.9539268984127001,False,-1.9219879519443455,0.0001953125,True
trial,207,207,207,931.8586065068316,931.8586065068316,931.8586065068316,931.8586065068316,3836,1918,0,0,3836,1918,797888,398944,1611539.0,1611539.0,840.218456725756,False,True,3836,1918,0,0,3836,1918,0.000390625,1261.4759983080573,0.5297109612198936,0.5297109612198936,0.5297109612198936,False,-0.41036308117225034,0.000390625,True
trial,208,208,207,932.2487016912023,932.2487016912023,931.8586065068316,931.8586065068316,3836,1918,0,0,3836,1918,801724,400862,1611539.0,1611539.0,840.218456725756,False,True,3836,1918,0,0,3836,1918,0.00078125,657.3715398175826,-0.4248445741983675,-0.4248445741983675,-0.4248445741983675,False,-0.918206817414952,0.00078125,False
trial,209,209,209,931.6313158837738,931.6313158837738,931.6313158837738,931.6313158837738,3836,1918,0,0,3836,1918,805560,402780,1611539.0,1611539.0,840.218456725756,False,True,3836,1918,0,0,3836,1918,0.000390625,657.3715398175826,0.4373539501187772,0.4373539501187772,0.4373539501187772,False,-0.5196949130014018,0.000390625,True
trial,210,210,209,932.215412996791,932.215412996791,931.6313158837738,931.6313158837738,3836,1918,0,0,3836,1918,809396,404698,1611539.0,1611539.0,840.218456725756,False,True,3836,1918,0,0,3836,1918,0.00078125,717.9768518842246,-0.7593979148852306,-0.7593979148852306,-0.7593979148852306,False,-0.7691581732949937,0.00078125,False
trial,211,211,211,931.5710801369114,931.5710801369114,931.5710801369114,931.5710801369114,3836,1918,0,0,3836,1918,813232,406616,1644309.0,1644309.0,857.3039624608967,False,True,3836,1918,0,0,3836,1918,0.000390625,8028.477410730414,0.6339369640774889,0.6339369640774889,0.6339369640774889,False,-0.8975450383618737,0.000390625,True
trial,212,212,211,932.276013705266,932.276013705266,931.5710801369114,931.5710801369114,3836,1918,0,0,3836,1918,817068,408534,1644309.0,1644309.0,857.3039624608967,False,True,3836,1918,0,0,3836,1918,0.00078125,788.7723517279167,-0.7412448461304227,-0.7412448461304227,-0.7412448461304227,False,-0.951013112650441,0.00078125,False
trial,213,213,213,931.4194359762283,931.4194359762283,931.4194359762283,931.4194359762283,3836,1918,0,0,3836,1918,820904,410452,1644309.0,1644309.0,857.3039624608967,False,True,3836,1918,0,0,3836,1918,0.000390625,788.7723517279167,0.28130440873896356,0.28130440873896356,0.28130440873896356,False,-0.5390749521590148,0.000390625,True
trial,214,214,213,932.3445749953848,932.3445749953848,931.4194359762283,931.4194359762283,3836,1918,0,0,3836,1918,824740,412370,1644309.0,1644309.0,857.3039624608967,False,True,3836,1918,0,0,3836,1918,0.00078125,773.0987402730232,-1.2588549871628831,-1.2588549871628831,-1.2588549871628831,False,-0.7349051547561722,0.00078125,False
trial,215,215,215,931.3398982944811,931.3398982944811,931.3398982944811,931.3398982944811,3836,1918,0,0,3836,1918,828576,414288,1644309.0,1644309.0,857.3039624608967,False,True,3836,1918,0,0,3836,1918,0.000390625,773.0987402730232,0.1758432335268801,0.1758432335268801,0.1758432335268801,False,-0.452321537496209,0.000390625,True
trial,216,216,215,932.4834269191291,932.4834269191291,931.9485537138122,931.9485537138122,3836,1918,0,0,3836,1918,832412,416206,1654309.0,1654309.0,862.5177267987486,False,True,3836,1918,0,0,3836,1918,0.00078125,10269.733039406607,-0.4817658604723264,-0.4817658604723264,-0.4817658604723264,False,-1.11023476174195,0.00078125,False
trial,217,217,217,931.6023916430761,931.6023916430761,931.6023916430761,931.6023916430761,3836,1918,0,0,3836,1918,836248,418124,1654309.0,1654309.0,862.5177267987486,False,True,3836,1918,0,0,3836,1918,0.000390625,10269.733039406607,0.4806424440447957,0.4806424440447957,0.4806424440447957,False,-0.720207037528819,0.000390625,True
trial,218,218,217,932.5234193231115,932.5234193231115,931.6023916430761,931.6023916430761,3836,1918,0,0,3836,1918,840084,420042,1654309.0,1654309.0,862.5177267987486,False,True,3836,1918,0,0,3836,1918,0.00078125,1131.8474071353346,-1.4456365973978393,-1.4456365973978393,-1.4456365973978393,False,-0.6371087185349911,0.00078125,False
trial,219,219,219,931.5734223485883,931.5734223485883,931.5734223485883,931.5734223485883,3836,1918,0,0,3836,1918,843920,421960,1654309.0,1654309.0,862.5177267987486,False,True,3836,1918,0,0,3836,1918,0.000390625,1131.8474071353346,0.07316974179520609,0.07316974179520609,0.07316974179520609,False,-0.39591904764176084,0.000390625,True
trial,220,220,219,932.3569134815702,932.3569134815702,931.5734223485883,931.5734223485883,3836,1918,0,0,3836,1918,847756,423878,1654309.0,1654309.0,862.5177267987486,False,True,3836,1918,0,0,3836,1918,0.00078125,884.0354034727256,-0.9144691659236509,-0.9144691659236509,-0.9144691659236509,False,-0.8567715152982223,0.00078125,False
trial,221,221,221,930.0065655519793,930.0065655519793,930.0065655519793,930.0065655519793,3836,1918,0,0,3836,1918,851592,425796,1687079.0,1687079.0,879.6032325338895,False,True,3836,1918,0,0,3836,1918,0.000390625,10255.290125484562,0.7203421226590685,0.7203421226590685,0.7203421226590685,False,-1.2044838560221574,0.000390625,True
trial,222,222,221,930.436320119117,930.436320119117,930.0065655519793,930.0065655519793,3836,1918,0,0,3836,1918,855428,427714,1687079.0,1687079.0,879.6032325338895,False,True,3836,1918,0,0,3836,1918,0.00078125,964.0690115338044,-0.8037372731642102,-0.8037372731642102,-0.8037372731642102,False,-0.5346953307836753,0.00078125,False
trial,223,223,223,929.945123976853,929.945123976853,929.945123976853,929.945123976853,3836,1918,0,0,3836,1918,859264,429632,1687079.0,1687079.0,879.6032325338895,False,True,3836,1918,0,0,3836,1918,0.000390625,964.0690115338044,0.19543804480911198,0.19543804480911198,0.19543804480911198,False,-0.31437878528881463,0.000390625,True
trial,224,224,223,930.9124294760227,930.9124294760227,929.945123976853,929.945123976853,3836,1918,0,0,3836,1918,863100,431550,1687079.0,1687079.0,879.6032325338895,False,True,3836,1918,0,0,3836,1918,0.00078125,751.9966968350926,-1.4316723227510555,-1.4316723227510555,-1.4316723227510555,False,-0.6756472719336741,0.00078125,False
trial,225,225,225,929.9027699598113,929.9027699598113,929.9027699598113,929.9027699598113,3836,1918,0,0,3836,1918,866936,433468,1687079.0,1687079.0,879.6032325338895,False,True,3836,1918,0,0,3836,1918,0.000390625,751.9966968350926,0.11032878925777163,0.11032878925777163,0.11032878925777163,False,-0.3838890767009779,0.000390625,True
trial,226,226,225,929.864464763578,929.864464763578,929.416773056561,929.416773056561,3836,1918,0,0,3836,1918,870772,435386,1697079.0,1697079.0,884.8169968717414,False,True,3836,1918,0,0,3836,1918,0.00078125,7154.100584534571,-0.5588046667264829,-0.5588046667264829,-0.5588046667264829,False,-0.8011595709097041,0.00078125,False
trial,227,227,227,929.1779865804768,929.1779865804768,929.1779865804768,929.1779865804768,3836,1918,0,0,3836,1918,874608,437304,1697079.0,1697079.0,884.8169968717414,False,True,3836,1918,0,0,3836,1918,0.000390625,7154.100584534571,0.44552468450113997,0.44552468450113997,0.44552468450113997,False,-0.5359668821753105,0.000390625,True
trial,228,228,227,930.1354168040041,930.1354168040041,929.1779865804768,929.1779865804768,3836,1918,0,0,3836,1918,878444,439222,1697079.0,1697079.0,884.8169968717414,False,True,3836,1918,0,0,3836,1918,0.00078125,890.240883053934,-1.5838742137488842,-1.5838742137488842,-1.5838742137488842,False,-0.6044862749934484,0.00078125,False
trial,229,229,229,929.172005895218,929.172005895218,929.172005895218,929.172005895218,3836,1918,0,0,3836,1918,882280,441140,1697079.0,1697079.0,884.8169968717414,False,True,3836,1918,0,0,3836,1918,0.000390625,890.240883053934,0.017219805977472958,0.017219805977472958,0.017219805977472958,False,-0.3473143232060405,0.000390625,True
trial,230,230,230,929.0174116777869,929.0174116777869,929.0174116777869,929.0174116777869,3836,1918,0,0,3836,1918,886116,443058,1697079.0,1697079.0,884.8169968717414,False,True,3836,1918,0,0,3836,1918,0.0001953125,846.5389697984986,0.6583372716278287,0.6583372716278287,0.6583372716278287,False,-0.2348252546129013,0.0001953125,True
trial,231,231,231,929.4603949567229,929.4603949567229,929.4603949567229,929.4603949567229,3836,1918,0,0,3836,1918,889952,444976,1729849.0,1729849.0,901.9025026068822,False,True,3836,1918,0,0,3836,1918,0.000390625,12044.597712061808,0.5647963602484818,0.5647963602484818,0.5647963602484818,False,-0.5543643847620391,0.000390625,True
trial,232,232,231,930.0618418641591,930.0618418641591,929.4603949567229,929.4603949567229,3836,1918,0,0,3836,1918,893788,446894,1729849.0,1729849.0,901.9025026068822,False,True,3836,1918,0,0,3836,1918,0.00078125,1473.550907583713,-0.8092792201093739,-0.8092792201093739,-0.8092792201093739,False,-0.7431883736677419,0.00078125,False
trial,233,233,233,929.3209734909719,929.3209734909719,929.3209734909719,929.3209734909719,3836,1918,0,0,3836,1918,897624,448812,1729849.0,1729849.0,901.9025026068822,False,True,3836,1918,0,0,3836,1918,0.000390625,1473.550907583713,0.32982630123297807,0.32982630123297807,0.32982630123297807,False,-0.422711788689265,0.000390625,True
trial,234,234,233,929.9028792133558,929.9028792133558,929.3209734909719,929.3209734909719,3836,1918,0,0,3836,1918,901460,450730,1729849.0,1729849.0,901.9025026068822,False,True,3836,1918,0,0,3836,1918,0.00078125,791.9397034684075,-1.797048290107635,-1.797048290107635,-1.797048290107635,False,-0.32381195629921256,0.00078125,False
trial,235,235,233,929.3819247071513,929.3819247071513,929.3209734909719,929.3209734909719,3836,1918,0,0,3836,1918,905296,452648,1729849.0,1729849.0,901.9025026068822,False,True,3836,1918,0,0,3836,1918,0.000390625,791.9397034684075,-0.2802053812084991,-0.2802053812084991,-0.2802053812084991,False,-0.2175233606022922,0.000390625,False
trial,236,236,236,928.4607897233643,928.4607897233643,928.4607897233643,928.4607897233643,3836,1918,0,0,3836,1918,909132,454566,1786000.0,1786000.0,931.1783107403545,False,True,3836,1918,0,0,3836,1918,0.0001953125,13380.242534899457,0.9082247315545072,0.9082247315545072,0.9082247315545072,False,-0.8626065171757379,0.0001953125,True
trial,237,237,237,928.3981200167688,928.3981200167688,928.3981200167688,928.3981200167688,3836,1918,0,0,3836,1918,912968,456484,1786000.0,1786000.0,931.1783107403545,False,True,3836,1918,0,0,3836,1918,0.000390625,817.1599393356661,0.25912040911075146,0.25912040911075146,0.25912040911075146,False,-0.24185554048261385,0.000390625,True
trial,238,238,237,928.869185151667,928.869185151667,928.3981200167688,928.3981200167688,3836,1918,0,0,3836,1918,916804,458402,1786000.0,1786000.0,931.1783107403545,False,True,3836,1918,0,0,3836,1918,0.00078125,1056.5085107039883,-0.8532549603541395,-0.8532549603541395,-0.8532549603541395,False,-0.5520801598419544,0.00078125,False
trial,239,239,239,928.3138474082469,928.3138474082469,928.3138474082469,928.3138474082469,3836,1918,0,0,3836,1918,920640,460320,1786000.0,1786000.0,931.1783107403545,False,True,3836,1918,0,0,3836,1918,0.000390625,1056.5085107039883,0.25791399228704387,0.25791399228704387,0.25791399228704387,False,-0.32674694294221895,0.000390625,True
trial,240,240,239,929.2020788109237,929.2020788109237,928.3138474082469,928.3138474082469,3836,1918,0,0,3836,1918,924476,462238,1786000.0,1786000.0,931.1783107403545,False,True,3836,1918,0,0,3836,1918,0.00078125,1302.2768339223908,-2.3133342295932944,-2.3133342295932944,-2.3133342295932944,False,-0.3839615526861897,0.00078125,False
trial,241,241,239,928.3935954628056,928.3935954628056,928.3138474082469,928.3138474082469,3836,1918,0,0,3836,1918,928312,464156,1786000.0,1786000.0,931.1783107403545,False,True,3836,1918,0,0,3836,1918,0.000390625,1302.2768339223908,-0.29600392006124554,-0.29600392006124554,-0.29600392006124554,False,-0.26941553524746914,0.000390625,False
trial,242,242,242,928.2173262176884,928.2173262176884,928.2173262176884,928.2173262176884,3836,1918,0,0,3836,1918,932148,466074,1786000.0,1786000.0,931.1783107403545,False,True,3836,1918,0,0,3836,1918,0.0001953125,1302.2768339223908,0.5551215050572031,0.5551215050572031,0.5551215050572031,False,-0.1738739891703045,0.0001953125,True
trial,243,243,242,928.3484362092283,928.3484362092283,928.2173262176884,928.2173262176884,3836,1918,0,0,3836,1918,935984,467992,1786000.0,1786000.0,931.1783107403545,False,True,3836,1918,0,0,3836,1918,0.000390625,461.52757200790126,-1.1820263612481665,-1.1820263612481665,-1.1820263612481665,False,-0.11091968490573188,0.000390625,False
trial,244,244,242,928.2256850474121,928.2256850474121,928.2173262176884,928.2173262176884,3836,1918,0,0,3836,1918,939820,469910,1786000.0,1786000.0,931.1783107403545,False,True,3836,1918,0,0,3836,1918,0.0001953125,461.52757200790126,-0.13619443184740113,-0.13619443184740113,-0.13619443184740113,False,-0.061374239829518666,0.0001953125,False
trial,245,245,245,928.1997118179049,928.1997118179049,928.1997118179049,928.1997118179049,3836,1918,0,0,3836,1918,943656,471828,1786000.0,1786000.0,931.1783107403545,False,True,3836,1918,0,0,3836,1918,9.765625e-05,461.52757200790126,0.5146808760673967,0.5146808760673967,0.5146808760673967,False,-0.034223925159384425,9.765625e-05,True
trial,246,246,245,928.2185135404511,928.2185135404511,928.1997118179049,928.1997118179049,3836,1918,0,0,3836,1918,947492,473746,1786000.0,1786000.0,931.1783107403545,False,True,3836,1918,0,0,3836,1918,0.0001953125,136.47931477919965,-0.45698924205009817,-0.45698924205009817,-0.45698924205009817,False,-0.04114259333948416,0.0001953125,False
trial,247,247,247,928.193585454547,928.193585454547,928.193585454547,928.193585454547,3836,1918,0,0,3836,1918,951328,475664,1786000.0,1786000.0,931.1783107403545,False,True,3836,1918,0,0,3836,1918,9.765625e-05,136.47931477919965,0.27126194084635913,0.27126194084635913,0.27126194084635913,False,-0.022584677152985955,9.765625e-05,True
trial,248,248,247,928.2123645459208,928.2123645459208,928.193585454547,928.193585454547,3836,1918,0,0,3836,1918,955164,477582,1786000.0,1786000.0,931.1783107403545,False,True,3836,1918,0,0,3836,1918,0.0001953125,156.3184550861163,-0.3323850250718147,-0.3323850250718147,-0.3323850250718147,False,-0.056498006700774386,0.0001953125,False
trial,249,249,249,928.1834332507368,928.1834332507368,928.1834332507368,928.1834332507368,3836,1918,0,0,3836,1918,959000,479500,1786000.0,1786000.0,931.1783107403545,False,True,3836,1918,0,0,3836,1918,9.765625e-05,156.3184550861163,0.3343065181400687,0.3343065181400687,0.3343065181400687,False,-0.03036795054637236,9.765625e-05,True
trial,250,250,249,928.2189997764751,928.2189997764751,928.1834332507368,928.1834332507368,3836,1918,0,0,3836,1918,962836,481418,1786000.0,1786000.0,931.1783107403545,False,True,3836,1918,0,0,3836,1918,0.0001953125,164.0724655576537,-0.6801314729821871,-0.6801314729821871,-0.6801314729821871,False,-0.052293603738654625,0.0001953125,False
trial,251,251,251,928.1751712526711,928.1751712526711,928.1751712526711,928.1751712526711,3836,1918,0,0,3836,1918,966672,483336,1786000.0,1786000.0,931.1783107403545,False,True,3836,1918,0,0,3836,1918,9.765625e-05,164.0724655576537,0.2810013149496343,0.2810013149496343,0.2810013149496343,False,-0.02940199075992986,9.765625e-05,True
trial,252,252,251,928.2041448067505,928.2041448067505,928.1751712526711,928.1751712526711,3836,1918,0,0,3836,1918,970508,485254,1786000.0,1786000.0,931.1783107403545,False,True,3836,1918,0,0,3836,1918,0.0001953125,183.6690526121356,-0.5008413406975917,-0.5008413406975917,-0.5008413406975917,False,-0.05784976543470171,0.0001953125,False
trial,253,253,253,928.1650454225576,928.1650454225576,928.1650454225576,928.1650454225576,3836,1918,0,0,3836,1918,974344,487172,1786000.0,1786000.0,931.1783107403545,False,True,3836,1918,0,0,3836,1918,9.765625e-05,183.6690526121356,0.32092540730182423,0.32092540730182423,0.32092540730182423,False,-0.031551974020064655,9.765625e-05,True
trial,254,254,253,928.2015814127906,928.2015814127906,928.1650454225576,928.1650454225576,3836,1918,0,0,3836,1918,978180,489090,1786000.0,1786000.0,931.1783107403545,False,True,3836,1918,0,0,3836,1918,0.0001953125,165.34021560141235,-0.7132392117487295,-0.7132392117487295,-0.7132392117487295,False,-0.05122543689574518,0.0001953125,False
trial,255,255,255,928.1573612739031,928.1573612739031,928.1573612739031,928.1573612739031,3836,1918,0,0,3836,1918,982016,491008,1786000.0,1786000.0,931.1783107403545,False,True,3836,1918,0,0,3836,1918,9.765625e-05,165.34021560141235,0.26594523301737816,0.26594523301737816,0.26594523301737816,False,-0.028893725851991448,9.765625e-05,True
trial,256,256,255,928.1882727793602,928.1882727793602,928.1573612739031,928.1573612739031,3836,1918,0,0,3836,1918,985852,492926,1786000.0,1786000.0,931.1783107403545,False,True,3836,1918,0,0,3836,1918,0.0001953125,171.39937498217353,-0.542568362828645,-0.542568362828645,-0.542568362828645,False,-0.05697255419746325,0.0001953125,False
trial,257,257,257,928.1476221033829,928.1476221033829,928.1476221033829,928.1476221033829,3836,1918,0,0,3836,1918,989688,494844,1786000.0,1786000.0,931.1783107403545,False,True,3836,1918,0,0,3836,1918,9.765625e-05,171.39937498217353,0.3131394468795253,0.3131394468795253,0.3131394468795253,False,-0.031101704423610533,9.765625e-05,True
trial,258,258,257,928.1856312068674,928.1856312068674,928.1476221033829,928.1476221033829,3836,1918,0,0,3836,1918,993524,496762,1786000.0,1786000.0,931.1783107403545,False,True,3836,1918,0,0,3836,1918,0.0001953125,163.81545254777816,-0.7595824176279867,-0.7595824176279867,-0.7595824176279867,False,-0.050039472481669206,0.0001953125,False
trial,259,259,259,928.140481951957,928.140481951957,928.140481951957,928.140481951957,3836,1918,0,0,3836,1918,997360,498680,1786000.0,1786000.0,931.1783107403545,False,True,3836,1918,0,0,3836,1918,9.765625e-05,163.81545254777816,0.2529699838056678,0.2529699838056678,0.2529699838056678,False,-0.02822529107405939,9.765625e-05,True
trial,260,260,259,928.1728498867928,928.1728498867928,928.140481951957,928.140481951957,3836,1918,0,0,3836,1918,1001196,500598,1786000.0,1786000.0,931.1783107403545,False,True,3836,1918,0,0,3836,1918,0.0001953125,169.84459961083672,-0.5767092808011834,-0.5767092808011834,-0.5767092808011834,False,-0.05612521926280496,0.0001953125,False
trial,261,261,261,928.1311411382051,928.1311411382051,928.1311411382051,928.1311411382051,3836,1918,0,0,3836,1918,1005032,502516,1786000.0,1786000.0,931.1783107403545,False,True,3836,1918,0,0,3836,1918,9.765625e-05,169.84459961083672,0.3046248933035349,0.3046248933035349,0.3046248933035349,False,-0.030663330401602122,9.765625e-05,True
trial,262,262,261,928.1699396421934,928.1699396421934,928.1311411382051,928.1311411382051,3836,1918,0,0,3836,1918,1008868,504434,1786000.0,1786000.0,931.1783107403545,False,True,3836,1918,0,0,3836,1918,0.0001953125,162.178989818336,-0.7896331530246372,-0.7896331530246372,-0.7896331530246372,False,-0.049134846782624274,0.0001953125,False
trial,263,263,263,928.1246235230398,928.1246235230398,928.1246235230398,928.1246235230398,3836,1918,0,0,3836,1918,1012704,506352,1786000.0,1786000.0,931.1783107403545,False,True,3836,1918,0,0,3836,1918,9.765625e-05,162.178989818336,0.23467541481660817,0.23467541481660817,0.23467541481660817,False,-0.027772892914245024,9.765625e-05,True
trial,264,264,263,928.1575994015104,928.1575994015104,928.1246235230398,928.1246235230398,3836,1918,0,0,3836,1918,1016540,508270,1786000.0,1786000.0,931.1783107403545,False,True,3836,1918,0,0,3836,1918,0.0001953125,170.9337229938359,-0.5921245537042162,-0.5921245537042162,-0.5921245537042162,False,-0.05569078036770275,0.0001953125,False
trial,265,265,265,928.1155440279075,928.1155440279075,928.1155440279075,928.1155440279075,3836,1918,0,0,3836,1918,1020376,510188,1786000.0,1786000.0,931.1783107403545,False,True,3836,1918,0,0,3836,1918,9.765625e-05,170.9337229938359,0.297193536548407,0.297193536548407,0.297193536548407,False,-0.03055078262368657,9.765625e-05,True
trial,266,266,265,928.1554485666952,928.1554485666952,928.1155440279075,928.1155440279075,3836,1918,0,0,3836,1918,1024212,512106,1786000.0,1786000.0,931.1783107403545,False,True,3836,1918,0,0,3836,1918,0.0001953125,162.56127681371254,-0.8228466609044939,-0.8228466609044939,-0.8228466609044939,False,-0.048495716983095516,0.0001953125,False
trial,267,267,267,928.1093490830335,928.1093490830335,928.1093490830335,928.1093490830335,3836,1918,0,0,3836,1918,1028048,514024,1786000.0,1786000.0,931.1783107403545,False,True,3836,1918,0,0,3836,1918,9.765625e-05,162.56127681371254,0.22594622602138922,0.22594622602138922,0.22594622602138922,False,-0.027417784235953455,9.765625e-05,True
trial,268,268,267,928.1433647339738,928.1433647339738,928.1093490830335,928.1093490830335,3836,1918,0,0,3836,1918,1031884,515942,1786000.0,1786000.0,931.1783107403545,False,True,3836,1918,0,0,3836,1918,0.0001953125,170.3030359841975,-0.6217724275238885,-0.6217724275238885,-0.6217724275238885,False,-0.054707557676336144,0.0001953125,False
trial,269,269,269,928.1007694925693,928.1007694925693,928.1007694925693,928.1007694925693,3836,1918,0,0,3836,1918,1035720,517860,1786000.0,1786000.0,931.1783107403545,False,True,3836,1918,0,0,3836,1918,9.765625e-05,170.3030359841975,0.2855813114608013,0.2855813114608013,0.2855813114608013,False,-0.03004254872409104,9.765625e-05,True
trial,270,270,269,928.1412017137199,928.1412017137199,928.1007694925693,928.1007694925693,3836,1918,0,0,3836,1918,1039556,519778,1786000.0,1786000.0,931.1783107403545,False,True,3836,1918,0,0,3836,1918,0.0001953125,162.65805070101283,-0.8465347443635908,-0.8465347443635908,-0.8465347443635908,False,-0.04776203389144722,0.0001953125,False
trial,271,271,271,928.0948475701,928.0948475701,928.0948475701,928.0948475701,3836,1918,0,0,3836,1918,1043392,521696,1786000.0,1786000.0,931.1783107403545,False,True,3836,1918,0,0,3836,1918,9.765625e-05,162.65805070101283,0.21864314706177096,0.21864314706177096,0.21864314706177096,False,-0.02708487573862374,9.765625e-05,True
trial,272,272,271,928.1299162224138,928.1299162224138,928.0948475701,928.0948475701,3836,1918,0,0,3836,1918,1047228,523614,1786000.0,1786000.0,931.1783107403545,False,True,3836,1918,0,0,3836,1918,0.0001953125,169.53217787950473,-0.653807647379916,-0.653807647379916,-0.653807647379916,False,-0.05363756825784188,0.0001953125,False
trial,273,273,273,928.086831679522,928.086831679522,928.086831679522,928.086831679522,3836,1918,0,0,3836,1918,1051064,525532,1786000.0,1786000.0,931.1783107403545,False,True,3836,1918,0,0,3836,1918,9.765625e-05,169.53217787950473,0.27204621472713497,0.27204621472713497,0.27204621472713497,False,-0.029465179605781794,9.765625e-05,True
trial,274,274,273,928.1282840375254,928.1282840375254,928.086831679522,928.086831679522,3836,1918,0,0,3836,1918,1054900,527450,1786000.0,1786000.0,931.1783107403545,False,True,3836,1918,0,0,3836,1918,0.0001953125,162.73058799153864,-0.8806700211645676,-0.8806700211645676,-0.8806700211645676,False,-0.04706911443245275,0.0001953125,False
trial,275,275,275,928.0812895171314,928.0812895171314,928.0812895171314,928.0812895171314,3836,1918,0,0,3836,1918,1058736,529368,1786000.0,1786000.0,931.1783107403545,False,True,3836,1918,0,0,3836,1918,9.765625e-05,162.73058799153864,0.20697121646735211,0.20697121646735211,0.20697121646735211,False,-0.026777454784325364,9.765625e-05,True
trial,276,276,275,928.1172628397189,928.1172628397189,928.0812895171314,928.0812895171314,3836,1918,0,0,3836,1918,1062572,531286,1786000.0,1786000.0,931.1783107403545,False,True,3836,1918,0,0,3836,1918,0.0001953125,169.3047170137956,-0.6818214082436478,-0.6818214082436478,-0.6818214082436478,False,-0.052760623460354275,0.0001953125,False
trial,277,277,277,928.0736560463065,928.0736560463065,928.0736560463065,928.0736560463065,3836,1918,0,0,3836,1918,1066408,533204,1786000.0,1786000.0,931.1783107403545,False,True,3836,1918,0,0,3836,1918,9.765625e-05,169.3047170137956,0.26283934070103726,0.26283934070103726,0.26283934070103726,False,-0.029042345048215817,9.765625e-05,True
trial,278,278,277,928.1159718798056,928.1159718798056,928.0736560463065,928.0736560463065,3836,1918,0,0,3836,1918,1070244,535122,1786000.0,1786000.0,931.1783107403545,False,True,3836,1918,0,0,3836,1918,0.0001953125,162.20599110576796,-0.9165438726278129,-0.9165438726278129,-0.9165438726278129,False,-0.04616891210863377,0.0001953125,False
trial,279,279,279,928.0685899531757,928.0685899531757,928.0685899531757,928.0685899531757,3836,1918,0,0,3836,1918,1074080,537040,1786000.0,1786000.0,931.1783107403545,False,True,3836,1918,0,0,3836,1918,9.765625e-05,162.20599110576796,0.19261949463245384,0.19261949463245384,0.19261949463245384,False,-0.026301040507361786,9.765625e-05,True
trial,280,280,279,928.1053264912516,928.1053264912516,928.0685899531757,928.0685899531757,3836,1918,0,0,3836,1918,1077916,538958,1786000.0,1786000.0,931.1783107403545,False,True,3836,1918,0,0,3836,1918,0.0001953125,168.71522717417403,-0.7057110858982139,-0.7057110858982139,-0.7057110858982139,False,-0.052056059214655934,0.0001953125,False
trial,281,281,281,928.061351632773,928.061351632773,928.061351632773,928.061351632773,3836,1918,0,0,3836,1918,1081752,540876,1786000.0,1786000.0,931.1783107403545,False,True,3836,1918,0,0,3836,1918,9.765625e-05,168.71522717417403,0.252093972983139,0.252093972983139,0.252093972983139,False,-0.028712786414394297,9.765625e-05,True
trial,282,282,281,928.1043275817009,928.1043275817009,928.061351632773,928.061351632773,3836,1918,0,0,3836,1918,1085588,542794,1786000.0,1786000.0,931.1783107403545,False,True,3836,1918,0,0,3836,1918,0.0001953125,164.76994349368346,-0.9461112077241485,-0.9461112077241485,-0.9461112077241485,False,-0.04542378166222606,0.0001953125,False
trial,283,283,283,928.0566689960569,928.0566689960569,928.0566689960569,928.0566689960569,3836,1918,0,0,3836,1918,1089424,544712,1786000.0,1786000.0,931.1783107403545,False,True,3836,1918,0,0,3836,1918,9.765625e-05,164.76994349368346,0.1806262206227971,0.1806262206227971,0.1806262206227971,False,-0.025924457146652355,9.765625e-05,True
trial,284,284,283,928.0942328354196,928.0942328354196,928.0566689960569,928.0566689960569,3836,1918,0,0,3836,1918,1093260,546630,1786000.0,1786000.0,931.1783107403545,False,True,3836,1918,0,0,3836,1918,0.0001953125,168.0547889213243,-0.7342138466987654,-0.7342138466987654,-0.7342138466987654,False,-0.05116198711251621,0.0001953125,False
trial,285,285,285,928.0499235261916,928.0499235261916,928.0499235261916,928.0499235261916,3836,1918,0,0,3836,1918,1097096,548548,1786000.0,1786000.0,931.1783107403545,False,True,3836,1918,0,0,3836,1918,9.765625e-05,168.0547889213243,0.23897834035893822,0.23897834035893822,0.23897834035893822,False,-0.02822628132409375,9.765625e-05,True
trial,286,286,285,928.0935652596012,928.0935652596012,928.0499235261916,928.0499235261916,3836,1918,0,0,3836,1918,1100932,550466,1786000.0,1786000.0,931.1783107403545,False,True,3836,1918,0,0,3836,1918,0.0001953125,169.6486412717586,-0.9780931411048126,-0.9780931411048126,-0.9780931411048126,False,-0.04461919992637549,0.0001953125,False
trial,287,287,287,928.0455929785654,928.0455929785654,928.0455929785654,928.0455929785654,3836,1918,0,0,3836,1918,1104768,552384,1786000.0,1786000.0,931.1783107403545,False,True,3836,1918,0,0,3836,1918,9.765625e-05,169.6486412717586,0.16955736508618394,0.16955736508618394,0.16955736508618394,False,-0.025540309758770783,9.765625e-05,True
trial,288,288,287,928.0840702085404,928.0840702085404,928.0455929785654,928.0455929785654,3836,1918,0,0,3836,1918,1108604,554302,1786000.0,1786000.0,931.1783107403545,False,True,3836,1918,0,0,3836,1918,0.0001953125,167.12148255641713,-0.7661113109353053,-0.7661113109353053,-0.7661113109353053,False,-0.050224072436714576,0.0001953125,False
trial,289,289,289,928.0393181973266,928.0393181973266,928.0393181973266,928.0393181973266,3836,1918,0,0,3836,1918,1112440,556220,1786000.0,1786000.0,931.1783107403545,False,True,3836,1918,0,0,3836,1918,9.765625e-05,167.12148255641713,0.22615103100351217,0.22615103100351217,0.22615103100351217,False,-0.027745976708638095,9.765625e-05,True
trial,290,290,289,928.0839146425369,928.0839146425369,928.0393181973266,928.0393181973266,3836,1918,0,0,3836,1918,1116276,558138,1786000.0,1786000.0,931.1783107403545,False,True,3836,1918,0,0,3836,1918,0.0001953125,166.76988302059473,-1.0156251010253006,-1.0156251010253006,-1.0156251010253006,False,-0.04391034168545464,0.0001953125,False
trial,291,291,291,928.0353659349527,928.0353659349527,928.0353659349527,928.0353659349527,3836,1918,0,0,3836,1918,1120112,560056,1786000.0,1786000.0,931.1783107403545,False,True,3836,1918,0,0,3836,1918,9.765625e-05,166.76988302059473,0.15701142779952962,0.15701142779952962,0.15701142779952962,False,-0.02517181347428126,9.765625e-05,True
trial,292,292,291,928.07471384573,928.07471384573,928.0353659349527,928.0353659349527,3836,1918,0,0,3836,1918,1123948,561974,1786000.0,1786000.0,931.1783107403545,False,True,3836,1918,0,0,3836,1918,0.0001953125,171.11101305796905,-0.7984977998016772,-0.7984977998016772,-0.7984977998016772,False,-0.04927741915771112,0.0001953125,False
trial,293,293,293,928.029530923174,928.029530923174,928.029530923174,928.029530923174,3836,1918,0,0,3836,1918,1127784,563892,1786000.0,1786000.0,931.1783107403545,False,True,3836,1918,0,0,3836,1918,9.765625e-05,171.11101305796905,0.2137317798994552,0.2137317798994552,0.2137317798994552,False,-0.027300627830970085,9.765625e-05,True
trial,294,294,293,928.074445278771,928.074445278771,928.029530923174,928.029530923174,3836,1918,0,0,3836,1918,1131620,565810,1786000.0,1786000.0,931.1783107403545,False,True,3836,1918,0,0,3836,1918,0.0001953125,160.66934734649965,-1.0449677188334054,-1.0449677188334054,-1.0449677188334054,False,-0.042981572337154654,0.0001953125,False
trial,295,295,295,928.0259627694325,928.0259627694325,928.0259627694325,928.0259627694325,3836,1918,0,0,3836,1918,1135456,567728,1786000.0,1786000.0,931.1783107403545,False,True,3836,1918,0,0,3836,1918,9.765625e-05,160.66934734649965,0.14401681933552404,0.14401681933552404,0.14401681933552404,False,-0.024775951572800818,9.765625e-05,True
trial,296,296,295,928.0661949060063,928.0661949060063,928.0259627694325,928.0259627694325,3836,1918,0,0,3836,1918,1139292,569646,1786000.0,1786000.0,931.1783107403545,False,True,3836,1918,0,0,3836,1918,0.0001953125,166.17437262106816,-0.8317998051269225,-0.8317998051269225,-0.8317998051269225,False,-0.04836757153091447,0.0001953125,False
trial,297,297,297,928.0205875253878,928.0205875253878,928.0205875253878,928.0205875253878,3836,1918,0,0,3836,1918,1143128,571564,1786000.0,1786000.0,931.1783107403545,False,True,3836,1918,0,0,3836,1918,9.765625e-05,166.17437262106816,0.20029220049506835,0.20029220049506835,0.20029220049506835,False,-0.026837011283441566,9.765625e-05,True
trial,298,298,297,928.066664012292,928.066664012292,928.0205875253878,928.0205875253878,3836,1918,0,0,3836,1918,1146964,573482,1786000.0,1786000.0,931.1783107403545,False,True,3836,1918,0,0,3836,1918,0.0001953125,160.29355315084234,-1.0869583591033845,-1.0869583591033845,-1.0869583591033845,False,-0.042390296296373385,0.0001953125,False
trial,299,299,299,928.0174225987823,928.0174225987823,928.0174225987823,928.0174225987823,3836,1918,0,0,3836,1918,1150800,575400,1786000.0,1786000.0,931.1783107403545,False,True,3836,1918,0,0,3836,1918,9.765625e-05,160.29355315084234,0.12978330664626211,0.12978330664626211,0.12978330664626211,False,-0.024386238008840593,9.765625e-05,True
