sequence_index,iteration,nf,incumbent_index,incumbent_full_objective,mean_gate_entanglement_infidelity_to_truth,mean_gate_average_infidelity_to_truth,mean_spam_vector_l2_error_to_truth,mean_gate_diamond_distance_to_truth
0,0,0,0,42071.45263662398,0.00227342297002206,0.00151561531334804,0.00697710335423951,0.015113464757287046
1,1,1,1,7385.694267362096,0.007311943061987181,0.004874628707991454,0.00980980955100566,0.03571303764208297
2,2,2,1,7385.694267362096,0.007311943061987181,0.004874628707991454,0.00980980955100566,0.03571303764208297
3,3,3,1,7385.694267362096,0.007311943061987181,0.004874628707991454,0.00980980955100566,0.03571303764208297
4,4,4,4,3616.2696677956037,0.0038032512777129157,0.0025355008518086106,0.023267786305449376,0.024258029540849588
5,5,5,4,3616.2696677956037,0.0038032512777129157,0.0025355008518086106,0.023267786305449376,0.024258029540849588
6,6,6,6,3171.5452956032996,0.0025278913250811885,0.0016852608833874592,0.008067775967483119,0.013884320922182242
7,7,7,6,3171.5452956032996,0.0025278913250811885,0.0016852608833874592,0.008067775967483119,0.013884320922182242
8,8,8,8,2608.0864112002378,0.0027434775467851114,0.0018289850311900744,0.005900364294708037,0.012339269537203183
9,9,9,8,2608.0864112002378,0.0027434775467851114,0.0018289850311900744,0.005900364294708037,0.012339269537203183
10,10,10,10,2272.4616132434594,0.0016504429192273629,0.0011002952794849086,0.007129558712948662,0.01046352207676158
11,11,11,10,2936.7385790923367,0.0016504429192273629,0.0011002952794849086,0.007129558712948662,0.01046352207676158
12,12,12,12,2466.2911692326484,0.001369123802171357,0.0009127492014475713,0.005034094485343141,0.00744105617505475
13,13,13,13,1293.1289185904072,0.00023068504390416633,0.00015379002926944424,0.004679771755479766,0.005380643357331386
14,14,14,13,1293.1289185904072,0.00023068504390416633,0.00015379002926944424,0.004679771755479766,0.005380643357331386
15,15,15,13,1293.1289185904072,0.00023068504390416633,0.00015379002926944424,0.004679771755479766,0.005380643357331386
16,16,16,16,1107.6818712924292,0.00019975090982618515,0.00013316727321745678,0.00427879260568921,0.0023827307541040145
17,17,17,16,1107.6818712924292,0.00019975090982618515,0.00013316727321745678,0.00427879260568921,0.0023827307541040145
18,18,18,16,1107.6818712924292,0.00019975090982618515,0.00013316727321745678,0.00427879260568921,0.0023827307541040145
19,19,19,19,1008.5640106387074,8.50338386000904e-05,5.66892257333936e-05,0.004239533723727388,0.001834154649421259
20,20,20,19,1008.5640106387074,8.50338386000904e-05,5.66892257333936e-05,0.004239533723727388,0.001834154649421259
21,21,21,19,1003.9927429396612,8.50338386000904e-05,5.66892257333936e-05,0.004239533723727388,0.001834154649421259
22,22,22,22,989.3928895014722,7.051710639177644e-05,4.7011404261184296e-05,0.004234957366954077,0.0016198783743312656
23,23,23,22,989.3928895014722,7.051710639177644e-05,4.7011404261184296e-05,0.004234957366954077,0.0016198783743312656
24,24,24,22,989.3928895014722,7.051710639177644e-05,4.7011404261184296e-05,0.004234957366954077,0.0016198783743312656
25,25,25,25,986.4653668229338,8.081500570611411e-05,5.387667047074273e-05,0.00406874280166161,0.0016505276949537323
26,26,26,25,987.6166115237285,8.081500570611411e-05,5.387667047074273e-05,0.00406874280166161,0.0016505276949537323
27,27,27,27,986.0403317110176,8.16033959538387e-05,5.4402263969225796e-05,0.003590833874035819,0.001535262555967908
28,28,28,27,986.0403317110176,8.16033959538387e-05,5.4402263969225796e-05,0.003590833874035819,0.001535262555967908
29,29,29,29,985.6773717619825,9.074880961063014e-05,6.049920640708676e-05,0.003627807461766497,0.0015567321815692513
30,30,30,29,985.6773717619825,9.074880961063014e-05,6.049920640708676e-05,0.003627807461766497,0.0015567321815692513
31,31,31,31,981.8736711975613,6.46230406451398e-05,4.308202709675986e-05,0.003272290267600347,0.001533861189766664
32,32,32,31,981.8736711975613,6.46230406451398e-05,4.308202709675986e-05,0.003272290267600347,0.001533861189766664
33,33,33,33,981.674121650942,6.225988404159888e-05,4.150658936106592e-05,0.0032882368367675116,0.0014567926028623093
34,34,34,33,981.674121650942,6.225988404159888e-05,4.150658936106592e-05,0.0032882368367675116,0.0014567926028623093
35,35,35,33,981.674121650942,6.225988404159888e-05,4.150658936106592e-05,0.0032882368367675116,0.0014567926028623093
36,36,36,36,982.5495291072156,5.618609664026497e-05,3.745739776017665e-05,0.003457334260827986,0.0015568219847811211
37,37,37,36,982.5495291072156,5.618609664026497e-05,3.745739776017665e-05,0.003457334260827986,0.0015568219847811211
38,38,38,38,982.4739107662916,6.076289606812835e-05,4.050859737875223e-05,0.00343740477509164,0.001555334276478777
39,39,39,38,982.4739107662916,6.076289606812835e-05,4.050859737875223e-05,0.00343740477509164,0.001555334276478777
40,40,40,40,982.4379612449222,6.773512592811448e-05,4.515675061874298e-05,0.003430539494099641,0.0015783033647789187
41,41,41,40,984.1887060604164,6.773512592811448e-05,4.515675061874298e-05,0.003430539494099641,0.0015783033647789187
42,42,42,42,983.5411001829061,7.921257859802577e-05,5.280838573201718e-05,0.003881976368059436,0.0014638834766817635
43,43,43,42,983.5411001829061,7.921257859802577e-05,5.280838573201718e-05,0.003881976368059436,0.0014638834766817635
44,44,44,44,983.368076878794,9.248555220184307e-05,6.165703480122872e-05,0.003915464433462675,0.0015081647643704226
45,45,45,44,983.368076878794,9.248555220184307e-05,6.165703480122872e-05,0.003915464433462675,0.0015081647643704226
46,46,46,46,986.8614698634628,8.544229712376117e-05,5.696153141584078e-05,0.004134728174178756,0.0016069379822105747
47,47,47,46,986.8614698634628,8.544229712376117e-05,5.696153141584078e-05,0.004134728174178756,0.0016069379822105747
48,48,48,48,986.6725081053036,8.107828722178634e-05,5.405219148119089e-05,0.004103393523811001,0.0016106103108583156
49,49,49,48,986.6725081053036,8.107828722178634e-05,5.405219148119089e-05,0.004103393523811001,0.0016106103108583156
50,50,50,48,986.6725081053036,8.107828722178634e-05,5.405219148119089e-05,0.004103393523811001,0.0016106103108583156
51,51,51,51,990.9254323646752,7.862202144381936e-05,5.241468096254624e-05,0.004704407387894931,0.0015123624150510753
52,52,52,52,990.6789684907849,7.336868144186548e-05,4.891245429457698e-05,0.004680230088885338,0.0014759123106020296
53,53,53,52,990.6789684907849,7.336868144186548e-05,4.891245429457698e-05,0.004680230088885338,0.0014759123106020296
54,54,54,54,990.2646240390858,7.27404264979914e-05,4.84936176653276e-05,0.004610914701968557,0.0014651308002032416
55,55,55,54,990.2646240390858,7.27404264979914e-05,4.84936176653276e-05,0.004610914701968557,0.0014651308002032416
56,56,56,56,988.1560265939631,6.204868417786225e-05,4.1365789451908164e-05,0.004232028273987172,0.001374494524345207
57,57,57,56,988.1560265939631,6.204868417786225e-05,4.1365789451908164e-05,0.004232028273987172,0.001374494524345207
58,58,58,58,987.9429815714554,5.5514613458790274e-05,3.700974230586018e-05,0.004183687784424323,0.0013618922642320789
59,59,59,58,987.9429815714554,5.5514613458790274e-05,3.700974230586018e-05,0.004183687784424323,0.0013618922642320789
60,60,60,60,987.8924438558602,5.6806448126833775e-05,3.787096541788919e-05,0.004135813082476915,0.0013626058339946212
61,61,61,61,989.9197789502159,5.9407396118704714e-05,3.9604930745803145e-05,0.004422525248112231,0.0013650651320638704
62,62,62,62,988.7867394007855,5.7782615442758534e-05,3.852174362850569e-05,0.0044022008523297105,0.0013815896697013834
63,63,63,62,988.7867394007855,5.7782615442758534e-05,3.852174362850569e-05,0.0044022008523297105,0.0013815896697013834
64,64,64,64,988.7390819600317,5.463459191665243e-05,3.642306127776829e-05,0.004393114811985302,0.0013737963053391852
65,65,65,64,988.7390819600317,5.463459191665243e-05,3.642306127776829e-05,0.004393114811985302,0.0013737963053391852
66,66,66,66,988.2151319333195,5.790176630340871e-05,3.860117753560581e-05,0.004260620884584775,0.0013452181684286096
67,67,67,66,988.2151319333195,5.790176630340871e-05,3.860117753560581e-05,0.004260620884584775,0.0013452181684286096
68,68,68,66,988.2151319333195,5.790176630340871e-05,3.860117753560581e-05,0.004260620884584775,0.0013452181684286096
69,69,69,69,988.0996343432731,5.8381026746268105e-05,3.892068449751207e-05,0.0042419361278277995,0.0013454996613234895
70,70,70,69,988.0996343432731,5.8381026746268105e-05,3.892068449751207e-05,0.0042419361278277995,0.0013454996613234895
71,71,71,71,990.4805128880322,5.479020021381675e-05,3.65268001425445e-05,0.00400509377964941,0.0012574221449481325
72,72,72,72,990.4499869321089,4.5230923224975905e-05,3.01539488166506e-05,0.003995074985024817,0.0011946799124241828
73,73,73,72,990.4499869321089,4.5230923224975905e-05,3.01539488166506e-05,0.003995074985024817,0.0011946799124241828
74,74,74,74,990.4201385077988,4.1503766207567905e-05,2.7669177471711937e-05,0.003953855150468398,0.0011513877817994752
75,75,75,74,990.4201385077988,4.1503766207567905e-05,2.7669177471711937e-05,0.003953855150468398,0.0011513877817994752
76,76,76,76,992.4334680575039,4.448061578449236e-05,2.965374385632824e-05,0.003956477818723002,0.00120726048979156
77,77,77,76,992.4334680575039,4.448061578449236e-05,2.965374385632824e-05,0.003956477818723002,0.00120726048979156
78,78,78,78,992.4171623855264,4.614109504186281e-05,3.0760730027908543e-05,0.003935903069555594,0.0012090133981981993
79,79,79,79,992.2932999117518,4.596423006678063e-05,3.064282004452042e-05,0.0039424555495974995,0.0012091477149959338
80,80,80,79,992.2932999117518,4.596423006678063e-05,3.064282004452042e-05,0.0039424555495974995,0.0012091477149959338
81,81,81,81,993.3340601196774,4.426373577515186e-05,2.950915718343457e-05,0.003858973448497905,0.0011818120712335939
82,82,82,81,993.3340601196774,4.426373577515186e-05,2.950915718343457e-05,0.003858973448497905,0.0011818120712335939
83,83,83,83,993.1999316368376,4.578221429279994e-05,3.052147619519996e-05,0.0038312856323943194,0.0012083112735236348
84,84,84,83,993.1999316368376,4.578221429279994e-05,3.052147619519996e-05,0.0038312856323943194,0.0012083112735236348
85,85,85,85,993.1149975576792,5.018280617405391e-05,3.345520411603593e-05,0.0038209503388972805,0.0012478092961575428
86,86,86,86,991.4892957901827,5.538032260352099e-05,3.6920215069013995e-05,0.003582645152785354,0.0013363912182566035
87,87,87,86,991.4892957901827,5.538032260352099e-05,3.6920215069013995e-05,0.003582645152785354,0.0013363912182566035
88,88,88,88,991.3298240227139,6.058797402588856e-05,4.03919826839257e-05,0.0036531983847404117,0.0013642234641073048
89,89,89,88,991.3298240227139,6.058797402588856e-05,4.03919826839257e-05,0.0036531983847404117,0.0013642234641073048
90,90,90,88,991.3298240227139,6.058797402588856e-05,4.03919826839257e-05,0.0036531983847404117,0.0013642234641073048
91,91,91,91,991.1305331790352,6.448023801236547e-05,4.2986825341576974e-05,0.003889850769522971,0.0013141514594825355
92,92,92,92,991.119885990809,7.801120708994524e-05,5.200747139329683e-05,0.0039086148434362795,0.001350714915779947
93,93,93,93,990.9310677694348,8.283976019146655e-05,5.522650679431103e-05,0.003919051585461772,0.0013661917898937388
94,94,94,93,990.9310677694348,8.283976019146655e-05,5.522650679431103e-05,0.003919051585461772,0.0013661917898937388
95,95,95,95,990.9306568198875,8.820063608980244e-05,5.8800424059868295e-05,0.003938942217920114,0.001378368639780792
96,96,96,96,989.9269270759013,8.95022936276968e-05,5.966819575179787e-05,0.0038353571941272223,0.0013198403647001462
97,97,97,97,989.5944137231465,9.379231912823305e-05,6.252821275215537e-05,0.003895512541251303,0.001377075008154011
98,98,98,98,989.4986675427499,8.719466440079704e-05,5.812977626719802e-05,0.003872697224598331,0.0013797149282509136
99,99,99,98,989.4986675427499,8.719466440079704e-05,5.812977626719802e-05,0.003872697224598331,0.0013797149282509136
100,100,100,100,989.4982988635976,7.616445231356517e-05,5.077630154237678e-05,0.0037904301195786443,0.0013477588976244488
101,101,101,101,988.0226402928154,7.535312232959113e-05,5.023541488639409e-05,0.0032396337558102985,0.0012620539393717802
102,102,102,102,987.7068234009247,7.595800398574326e-05,5.063866932382884e-05,0.003177982240150708,0.001263748900125566
103,103,103,102,987.7068234009247,7.595800398574326e-05,5.063866932382884e-05,0.003177982240150708,0.001263748900125566
104,104,104,102,987.7068234009247,7.595800398574326e-05,5.063866932382884e-05,0.003177982240150708,0.001263748900125566
105,105,105,105,987.5191231372204,7.561827030674872e-05,5.041218020449915e-05,0.0031498623512052396,0.0012719809612295686
106,106,106,106,989.4410092060439,7.252987262795774e-05,4.8353248418638487e-05,0.0024972247098600294,0.0012467559713616482
107,107,107,106,989.4410092060439,7.252987262795774e-05,4.8353248418638487e-05,0.0024972247098600294,0.0012467559713616482
108,108,108,108,989.2920271185072,6.758727152239574e-05,4.505818101493049e-05,0.0024498527177570055,0.0012422813269982594
109,109,109,108,989.2920271185072,6.758727152239574e-05,4.505818101493049e-05,0.0024498527177570055,0.0012422813269982594
110,110,110,108,989.2920271185072,6.758727152239574e-05,4.505818101493049e-05,0.0024498527177570055,0.0012422813269982594
111,111,111,111,991.4460985557791,6.413456856996236e-05,4.2756379046641577e-05,0.001954363172765055,0.0012458231784155146
112,112,112,111,991.4460985557791,6.413456856996236e-05,4.2756379046641577e-05,0.001954363172765055,0.0012458231784155146
113,113,113,113,991.3034241004162,5.861334749607261e-05,3.907556499738174e-05,0.0018993524455974975,0.001212233138504108
114,114,114,113,991.3034241004162,5.861334749607261e-05,3.907556499738174e-05,0.0018993524455974975,0.001212233138504108
115,115,115,115,991.2663853045274,5.402324862177621e-05,3.601549908118414e-05,0.0018509878702741324,0.0011912949515440038
116,116,116,116,990.3932565383438,5.391820593478314e-05,3.594547062318876e-05,0.0018165837083949149,0.0012288483645588894
117,117,117,116,990.3932565383438,5.391820593478314e-05,3.594547062318876e-05,0.0018165837083949149,0.0012288483645588894
118,118,118,118,990.2346074588461,5.258263214649728e-05,3.5055088097664853e-05,0.0017938251955915898,0.0012335955709037645
119,119,119,118,990.2346074588461,5.258263214649728e-05,3.5055088097664853e-05,0.0017938251955915898,0.0012335955709037645
120,120,120,118,990.2346074588461,5.258263214649728e-05,3.5055088097664853e-05,0.0017938251955915898,0.0012335955709037645
121,121,121,121,991.6034351784537,5.2187336375908444e-05,3.479155758393896e-05,0.0015312076268795005,0.0012505532242310523
122,122,122,122,991.1766243995521,4.998270090472712e-05,3.3321800603151416e-05,0.001548489020270806,0.0012295710328427628
123,123,123,122,991.1766243995521,4.998270090472712e-05,3.3321800603151416e-05,0.001548489020270806,0.0012295710328427628
124,124,124,124,990.9326930488938,4.8413617031117795e-05,3.2275744687411866e-05,0.001497854331873487,0.0012170509639152596
125,125,125,124,990.9326930488938,4.8413617031117795e-05,3.2275744687411866e-05,0.001497854331873487,0.0012170509639152596
126,126,126,126,989.8668728156358,4.3668557049264534e-05,2.9112371366176355e-05,0.0021485186304567565,0.0012237458623457625
127,127,127,126,989.8668728156358,4.3668557049264534e-05,2.9112371366176355e-05,0.0021485186304567565,0.0012237458623457625
128,128,128,128,989.6665082483291,3.98688207308151e-05,2.65792138205434e-05,0.0020846778391505273,0.0012015244841633078
129,129,129,128,989.6665082483291,3.98688207308151e-05,2.65792138205434e-05,0.0020846778391505273,0.0012015244841633078
130,130,130,128,989.6665082483291,3.98688207308151e-05,2.65792138205434e-05,0.0020846778391505273,0.0012015244841633078
131,131,131,131,987.949354873467,3.8402787046587505e-05,2.5601858031058338e-05,0.0018553465976642268,0.00115292616823487
132,132,132,132,987.8933954670653,3.726554212452049e-05,2.4843694749680324e-05,0.0017893193272127933,0.0011387665612518749
133,133,133,132,987.8933954670653,3.726554212452049e-05,2.4843694749680324e-05,0.0017893193272127933,0.0011387665612518749
134,134,134,134,987.796587885544,3.5828151388944685e-05,2.3885434259296456e-05,0.0017251448801280163,0.0011245668765938904
135,135,135,134,987.796587885544,3.5828151388944685e-05,2.3885434259296456e-05,0.0017251448801280163,0.0011245668765938904
136,136,136,136,985.7436579497627,4.037306314999545e-05,2.6915375433330297e-05,0.0016621018501184759,0.001120418579256356
137,137,137,136,985.7436579497627,4.037306314999545e-05,2.6915375433330297e-05,0.0016621018501184759,0.001120418579256356
138,138,138,138,985.6684481569898,4.032685688748483e-05,2.688457125832322e-05,0.0016244428393810933,0.001119711584656148
139,139,139,138,985.6684481569898,4.032685688748483e-05,2.688457125832322e-05,0.0016244428393810933,0.001119711584656148
140,140,140,138,985.6684481569898,4.032685688748483e-05,2.688457125832322e-05,0.0016244428393810933,0.001119711584656148
141,141,141,141,988.7679012039213,3.495090282215618e-05,2.3300601881437455e-05,0.001330017111233029,0.0011063559070477536
142,142,142,141,988.7679012039213,3.495090282215618e-05,2.3300601881437455e-05,0.001330017111233029,0.0011063559070477536
143,143,143,143,988.6489827306048,3.319927163797365e-05,2.2132847758649096e-05,0.0013459825392316375,0.0010891614311984796
144,144,144,143,988.6489827306048,3.319927163797365e-05,2.2132847758649096e-05,0.0013459825392316375,0.0010891614311984796
145,145,145,145,988.6245026634771,3.349477943984103e-05,2.2329852959894016e-05,0.0013528632260777218,0.0010917773594485579
146,146,146,146,988.4788869318852,2.989962760868714e-05,1.9933085072458095e-05,0.0012512939442267219,0.0010818947486384868
147,147,147,146,988.4788869318852,2.989962760868714e-05,1.9933085072458095e-05,0.0012512939442267219,0.0010818947486384868
148,148,148,148,988.3858773689685,2.8693765683124317e-05,1.912917712208288e-05,0.0012742145531509312,0.0010774440467183938
149,149,149,148,988.3858773689685,2.8693765683124317e-05,1.912917712208288e-05,0.0012742145531509312,0.0010774440467183938
150,150,150,148,988.3858773689685,2.8693765683124317e-05,1.912917712208288e-05,0.0012742145531509312,0.0010774440467183938
151,151,151,151,989.3620898197232,2.290561774545563e-05,1.5270411830303757e-05,0.0012617342827508083,0.0009427121649891393
152,152,152,152,989.3356820233677,1.9367520814439487e-05,1.291168054295966e-05,0.001272647743835973,0.0009055833980561739
153,153,153,152,989.3356820233677,1.9367520814439487e-05,1.291168054295966e-05,0.001272647743835973,0.0009055833980561739
154,154,154,154,989.1923339784446,1.907964896166736e-05,1.2719765974444906e-05,0.0012593194959573516,0.0009008509483244575
155,155,155,154,989.1923339784446,1.907964896166736e-05,1.2719765974444906e-05,0.0012593194959573516,0.0009008509483244575
156,156,156,156,990.8371233702211,2.0053814535875292e-05,1.336920969058353e-05,0.0009285305891714571,0.0009076998387679147
157,157,157,156,990.8371233702211,2.0053814535875292e-05,1.336920969058353e-05,0.0009285305891714571,0.0009076998387679147
158,158,158,158,990.789974640338,2.029245244655753e-05,1.3528301631038353e-05,0.0008973979846859577,0.0009063932353874475
159,159,159,158,990.789974640338,2.029245244655753e-05,1.3528301631038353e-05,0.0008973979846859577,0.0009063932353874475
160,160,160,158,990.789974640338,2.029245244655753e-05,1.3528301631038353e-05,0.0008973979846859577,0.0009063932353874475
161,161,161,161,987.1520477231513,2.006299641924003e-05,1.3375330946160021e-05,0.0010960775038949707,0.0009593790649567601
162,162,162,162,987.130906064905,1.9998843974189384e-05,1.3332562649459588e-05,0.0011545594477015912,0.0009727251225821534
163,163,163,162,987.130906064905,1.9998843974189384e-05,1.3332562649459588e-05,0.0011545594477015912,0.0009727251225821534
164,164,164,164,987.0713972631762,1.9556929759717567e-05,1.3037953173145045e-05,0.0011496911014230355,0.000976342814491983
165,165,165,164,987.0713972631762,1.9556929759717567e-05,1.3037953173145045e-05,0.0011496911014230355,0.000976342814491983
166,166,166,166,989.0927974177448,1.7746291267717318e-05,1.1830860845144878e-05,0.0010197669298372565,0.0009245549644490064
167,167,167,166,989.0927974177448,1.7746291267717318e-05,1.1830860845144878e-05,0.0010197669298372565,0.0009245549644490064
168,168,168,168,988.9959686260644,1.7554931795671358e-05,1.1703287863780906e-05,0.0009721766364239789,0.0009171640570376832
169,169,169,168,988.9959686260644,1.7554931795671358e-05,1.1703287863780906e-05,0.0009721766364239789,0.0009171640570376832
170,170,170,168,988.9959686260644,1.7554931795671358e-05,1.1703287863780906e-05,0.0009721766364239789,0.0009171640570376832
171,171,171,171,991.529650422414,1.9205926863385958e-05,1.2803951242257305e-05,0.0012897279088368028,0.001048405612066294
172,172,172,171,991.529650422414,1.9205926863385958e-05,1.2803951242257305e-05,0.0012897279088368028,0.001048405612066294
173,173,173,173,991.4532685711756,2.01885256053691e-05,1.3459017070246066e-05,0.0013146526610727377,0.001063937312190028
174,174,174,173,991.4532685711756,2.01885256053691e-05,1.3459017070246066e-05,0.0013146526610727377,0.001063937312190028
175,175,175,173,991.4532685711756,2.01885256053691e-05,1.3459017070246066e-05,0.0013146526610727377,0.001063937312190028
176,176,176,176,988.34221712705,1.949004934154175e-05,1.29933662276945e-05,0.0014844410278245879,0.0009472566200684932
177,177,177,177,987.875101637033,2.12325367534294e-05,1.4155024502286265e-05,0.0015364500067681659,0.0009795941446728304
178,178,178,177,987.875101637033,2.12325367534294e-05,1.4155024502286265e-05,0.0015364500067681659,0.0009795941446728304
179,179,179,179,987.6820557469878,2.154442976654014e-05,1.4362953177693427e-05,0.0015405483974461297,0.000990376718761608
180,180,180,179,987.6820557469878,2.154442976654014e-05,1.4362953177693427e-05,0.0015405483974461297,0.000990376718761608
181,181,181,181,987.6239021546736,2.165094348255403e-05,1.4433962321702689e-05,0.0015538983469716666,0.0009903125620699005
182,182,182,181,987.6239021546736,2.165094348255403e-05,1.4433962321702689e-05,0.0015538983469716666,0.0009903125620699005
183,183,183,183,987.506059860958,2.1705834513857658e-05,1.4470556342571772e-05,0.0015690228518762646,0.0009895662974207364
184,184,184,183,987.506059860958,2.1705834513857658e-05,1.4470556342571772e-05,0.0015690228518762646,0.0009895662974207364
185,185,185,185,987.4786594241326,2.186692707806248e-05,1.4577951385374988e-05,0.0015849167095279115,0.0009900865199731798
186,186,186,185,987.4786594241326,2.186692707806248e-05,1.4577951385374988e-05,0.0015849167095279115,0.0009900865199731798
187,187,187,187,987.3804609083383,2.1903758415903196e-05,1.4602505610602131e-05,0.0016021831491110933,0.0009896322485536358
188,188,188,187,987.3804609083383,2.1903758415903196e-05,1.4602505610602131e-05,0.0016021831491110933,0.0009896322485536358
189,189,189,189,987.3729160556162,2.208802073236371e-05,1.472534715490914e-05,0.0016173254489303338,0.0009906425345081538
190,190,190,189,987.3729160556162,2.208802073236371e-05,1.472534715490914e-05,0.0016173254489303338,0.0009906425345081538
191,191,191,191,987.286282763752,2.2139052723219033e-05,1.4759368482146021e-05,0.0016346813087298642,0.0009908924733677855
192,192,192,191,987.286282763752,2.2139052723219033e-05,1.4759368482146021e-05,0.0016346813087298642,0.0009908924733677855
193,193,193,191,987.286282763752,2.2139052723219033e-05,1.4759368482146021e-05,0.0016346813087298642,0.0009908924733677855
194,194,194,194,987.2708753322069,2.2129442166063384e-05,1.4752961444042256e-05,0.0016407662456288125,0.0009907421559508817
195,195,195,194,987.2708753322069,2.2129442166063384e-05,1.4752961444042256e-05,0.0016407662456288125,0.0009907421559508817
196,196,196,196,987.2550892449531,2.2184747435038954e-05,1.4789831623359303e-05,0.0016434947534222921,0.0009908369832839256
197,197,197,196,987.2550892449531,2.2184747435038954e-05,1.4789831623359303e-05,0.0016434947534222921,0.0009908369832839256
198,198,198,196,987.2550892449531,2.2184747435038954e-05,1.4789831623359303e-05,0.0016434947534222921,0.0009908369832839256
199,199,199,199,987.2483758617146,2.2209241353821074e-05,1.4806160902547381e-05,0.0016536830747048315,0.0009910900246996532
200,200,200,199,987.2483758617146,2.2209241353821074e-05,1.4806160902547381e-05,0.0016536830747048315,0.0009910900246996532
201,201,201,201,987.2474360023004,2.2265837246515652e-05,1.4843891497677102e-05,0.0016526376484224386,0.0009910640925149747
202,202,202,201,987.2474360023004,2.2265837246515652e-05,1.4843891497677102e-05,0.0016526376484224386,0.0009910640925149747
203,203,203,203,987.2432930377038,2.23234300428532e-05,1.4882286695235464e-05,0.0016623977059584641,0.0009914906558548893
204,204,204,203,987.2432930377038,2.23234300428532e-05,1.4882286695235464e-05,0.0016623977059584641,0.0009914906558548893
205,205,205,205,987.2432408619704,2.2379419632317932e-05,1.4919613088211953e-05,0.0016619386828343452,0.0009915048455242101
206,206,206,206,987.240075681894,2.2402088462963876e-05,1.4934725641975916e-05,0.001667118173360323,0.0009917117130962816
207,207,207,206,987.240075681894,2.2402088462963876e-05,1.4934725641975916e-05,0.001667118173360323,0.0009917117130962816
208,208,208,208,987.2397231890972,2.243288589331982e-05,1.4955257262213214e-05,0.0016699847514683498,0.0009918458542720224
209,209,209,208,987.2397231890972,2.243288589331982e-05,1.4955257262213214e-05,0.0016699847514683498,0.0009918458542720224
210,210,210,210,987.2396463304814,2.2466375260238314e-05,1.4977583506825543e-05,0.0016702291512614065,0.0009918941279643003
211,211,211,211,987.2391295540767,2.2481150413339313e-05,1.4987433608892875e-05,0.0016727020266663463,0.0009920097782722464
212,212,212,211,987.2391295540767,2.2481150413339313e-05,1.4987433608892875e-05,0.0016727020266663463,0.0009920097782722464
213,213,213,211,987.2391295540767,2.2481150413339313e-05,1.4987433608892875e-05,0.0016727020266663463,0.0009920097782722464
214,214,214,214,987.239049258657,2.248606759649996e-05,1.4990711730999973e-05,0.0016726913264751841,0.000992066061479618
215,215,215,214,987.239049258657,2.248606759649996e-05,1.4990711730999973e-05,0.0016726913264751841,0.000992066061479618
216,216,216,216,987.2390472111367,2.249208178492501e-05,1.4994721189950008e-05,0.001673285731026102,0.0009920986543473238
217,217,217,217,987.2390240629435,2.2494150172469585e-05,1.4996100114979724e-05,0.0016730517290230694,0.0009921033704719472
218,218,218,217,987.2390240629435,2.2494150172469585e-05,1.4996100114979724e-05,0.0016730517290230694,0.0009921033704719472
219,219,219,217,987.2390240629435,2.2494150172469585e-05,1.4996100114979724e-05,0.0016730517290230694,0.0009921033704719472
220,220,220,220,987.2390195022986,2.2495188909232855e-05,1.4996792606155237e-05,0.0016730907646175647,0.0009921180570464025
221,221,221,220,987.2390195022986,2.2495188909232855e-05,1.4996792606155237e-05,0.0016730907646175647,0.0009921180570464025
222,222,222,220,987.2390195022986,2.2495188909232855e-05,1.4996792606155237e-05,0.0016730907646175647,0.0009921180570464025
223,223,223,223,987.2390178426231,2.2494781459908575e-05,1.4996520973272384e-05,0.0016731297794479903,0.0009921180219942454
224,224,224,223,987.2390178426231,2.2494781459908575e-05,1.4996520973272384e-05,0.0016731297794479903,0.0009921180219942454
225,225,225,225,987.2390175876793,2.2494862236294155e-05,1.4996574824196102e-05,0.0016730804314050273,0.0009921154311509411
226,226,226,225,987.2390175876793,2.2494862236294155e-05,1.4996574824196102e-05,0.0016730804314050273,0.0009921154311509411
227,227,227,227,987.239016681461,2.2494933671207695e-05,1.4996622447471797e-05,0.0016731572879272606,0.0009921182739973488
228,228,228,227,987.239016681461,2.2494933671207695e-05,1.4996622447471797e-05,0.0016731572879272606,0.0009921182739973488
229,229,229,229,987.2390164310518,2.2494951310403355e-05,1.4996634206935571e-05,0.0016730926760067568,0.0009921145125642082
230,230,230,229,987.2390164310518,2.2494951310403355e-05,1.4996634206935571e-05,0.0016730926760067568,0.0009921145125642082
231,231,231,231,987.2390155225163,2.2495043053738506e-05,1.4996695369159005e-05,0.001673170314052207,0.0009921177611226038
232,232,232,231,987.2390155225163,2.2495043053738506e-05,1.4996695369159005e-05,0.001673170314052207,0.0009921177611226038
233,233,233,233,987.2390152698509,2.249512240981577e-05,1.4996748273210514e-05,0.0016731016944248195,0.0009921148084799185
234,234,234,233,987.2390152698509,2.249512240981577e-05,1.4996748273210514e-05,0.0016731016944248195,0.0009921148084799185
235,235,235,235,987.2390143621949,2.2495187377291614e-05,1.4996791584861077e-05,0.00167318377233044,0.000992117040444778
236,236,236,235,987.2390143621949,2.2495187377291614e-05,1.4996791584861077e-05,0.00167318377233044,0.000992117040444778
237,237,237,237,987.2390141136511,2.2495283579893055e-05,1.4996855719928702e-05,0.0016731109155756318,0.0009921159346070467
238,238,238,237,987.2390141136511,2.2495283579893055e-05,1.4996855719928702e-05,0.0016731109155756318,0.0009921159346070467
239,239,239,239,987.2390132078492,2.249539444904025e-05,1.4996929632693501e-05,0.0016731904354972005,0.0009921200669787476
240,240,240,239,987.2390132078492,2.249539444904025e-05,1.4996929632693501e-05,0.0016731904354972005,0.0009921200669787476
241,241,241,241,987.2390129629682,2.2495434663566405e-05,1.4996956442377604e-05,0.0016731196422732084,0.0009921169653359723
242,242,242,241,987.2390129629682,2.2495434663566405e-05,1.4996956442377604e-05,0.0016731196422732084,0.0009921169653359723
243,243,243,243,987.2390120586472,2.2495539269334897e-05,1.4997026179556597e-05,0.001673199807452736,0.0009921206986104832
244,244,244,243,987.2390120586472,2.2495539269334897e-05,1.4997026179556597e-05,0.001673199807452736,0.0009921206986104832
245,245,245,245,987.239011814926,2.2495589935861426e-05,1.4997059957240952e-05,0.0016731287843331673,0.0009921177465530297
246,246,246,245,987.239011814926,2.2495589935861426e-05,1.4997059957240952e-05,0.0016731287843331673,0.0009921177465530297
247,247,247,247,987.2390109117299,2.2495665405658505e-05,1.4997110270439002e-05,0.0016732105532639406,0.0009921211711094234
248,248,248,247,987.2390109117299,2.2495665405658505e-05,1.4997110270439002e-05,0.0016732105532639406,0.0009921211711094234
249,249,249,249,987.2390106713746,2.2495800271610245e-05,1.4997200181073497e-05,0.001673142664875317,0.0009921200360573335
250,250,250,249,987.2390106713746,2.2495800271610245e-05,1.4997200181073497e-05,0.001673142664875317,0.0009921200360573335
251,251,251,251,987.2390097723147,2.249586661029479e-05,1.4997244406863194e-05,0.0016732182763403447,0.0009921224887514636
252,252,252,251,987.2390097723147,2.249586661029479e-05,1.4997244406863194e-05,0.0016732182763403447,0.0009921224887514636
253,253,253,253,987.2390095345402,2.2495886614987137e-05,1.4997257743324758e-05,0.0016731437514983826,0.000992119258769368
254,254,254,253,987.2390095345402,2.2495886614987137e-05,1.4997257743324758e-05,0.0016731437514983826,0.000992119258769368
255,255,255,255,987.2390086344701,2.2496033709545893e-05,1.4997355806363929e-05,0.0016732255592797902,0.0009921235374204516
256,256,256,255,987.2390086344701,2.2496033709545893e-05,1.4997355806363929e-05,0.0016732255592797902,0.0009921235374204516
257,257,257,257,987.2390084039441,2.2496108460834385e-05,1.4997405640556257e-05,0.001673154154359757,0.0009921214903925537
258,258,258,257,987.2390084039441,2.2496108460834385e-05,1.4997405640556257e-05,0.001673154154359757,0.0009921214903925537
259,259,259,259,987.2390075005799,2.2496184740566916e-05,1.4997456493711276e-05,0.0016732323004673966,0.000992125028393974
260,260,260,259,987.2390075005799,2.2496184740566916e-05,1.4997456493711276e-05,0.0016732323004673966,0.000992125028393974
261,261,261,261,987.2390072726813,2.2496215875411618e-05,1.4997477250274411e-05,0.0016731592686803113,0.000992122526081167
262,262,262,261,987.2390072726813,2.2496215875411618e-05,1.4997477250274411e-05,0.0016731592686803113,0.000992122526081167
263,263,263,263,987.2390063679976,2.249624610037304e-05,1.4997497400248694e-05,0.001673238199873072,0.0009921248777106147
264,264,264,263,987.2390063679976,2.249624610037304e-05,1.4997497400248694e-05,0.001673238199873072,0.0009921248777106147
265,265,265,265,987.2390061431977,2.2496235613123083e-05,1.4997490408748723e-05,0.0016731634328515327,0.0009921227699134923
266,266,266,265,987.2390061431977,2.2496235613123083e-05,1.4997490408748723e-05,0.0016731634328515327,0.0009921227699134923
267,267,267,267,987.2390052346406,2.2496328299342894e-05,1.4997552199561929e-05,0.001673239085254665,0.0009921256319641407
268,268,268,267,987.2390052346406,2.2496328299342894e-05,1.4997552199561929e-05,0.001673239085254665,0.0009921256319641407
269,269,269,269,987.2390050144495,2.249639388196556e-05,1.4997595921310372e-05,0.0016731673531708727,0.000992123643062804
270,270,270,269,987.2390050144495,2.249639388196556e-05,1.4997595921310372e-05,0.0016731673531708727,0.000992123643062804
271,271,271,271,987.2390041005067,2.2496389771725633e-05,1.4997593181150423e-05,0.0016732476089510462,0.0009921255837700607
272,272,272,271,987.2390041005067,2.2496389771725633e-05,1.4997593181150423e-05,0.0016732476089510462,0.0009921255837700607
273,273,273,273,987.2390038846056,2.2496415862244268e-05,1.4997610574829512e-05,0.0016731742276079008,0.000992122805128229
274,274,274,273,987.2390038846056,2.2496415862244268e-05,1.4997610574829512e-05,0.0016731742276079008,0.000992122805128229
275,275,275,275,987.2390029668871,2.2496429565393994e-05,1.4997619710262663e-05,0.001673245196859115,0.0009921254797863872
276,276,276,275,987.2390029668871,2.2496429565393994e-05,1.4997619710262663e-05,0.001673245196859115,0.0009921254797863872
277,277,277,277,987.2390027564044,2.2496445595154846e-05,1.4997630396769898e-05,0.0016731758693034856,0.000992122567427119
278,278,278,277,987.2390027564044,2.2496445595154846e-05,1.4997630396769898e-05,0.0016731758693034856,0.000992122567427119
279,279,279,279,987.2390018328804,2.2496469590432833e-05,1.499764639362189e-05,0.001673247118465637,0.0009921255934245406
280,280,280,279,987.2390018328804,2.2496469590432833e-05,1.499764639362189e-05,0.001673247118465637,0.0009921255934245406
281,281,281,281,987.2390016296852,2.2496491982271216e-05,1.4997661321514144e-05,0.0016731732256850941,0.0009921226189141931
282,282,282,281,987.2390016296852,2.2496491982271216e-05,1.4997661321514144e-05,0.0016731732256850941,0.0009921226189141931
283,283,283,283,987.2390007004718,2.249657412967121e-05,1.4997716086447472e-05,0.0016732472200861395,0.0009921269875333909
284,284,284,283,987.2390007004718,2.249657412967121e-05,1.4997716086447472e-05,0.0016732472200861395,0.0009921269875333909
285,285,285,285,987.2390005021449,2.2496584224457328e-05,1.4997722816304885e-05,0.0016731737953135887,0.0009921239187026412
286,286,286,285,987.2390005021449,2.2496584224457328e-05,1.4997722816304885e-05,0.0016731737953135887,0.0009921239187026412
287,287,287,287,987.2389995667183,2.2496611567168756e-05,1.499774104477917e-05,0.001673247288750736,0.0009921267231941516
288,288,288,287,987.2389995667183,2.2496611567168756e-05,1.499774104477917e-05,0.001673247288750736,0.0009921267231941516
289,289,289,289,987.2389993746484,2.2496671197941298e-05,1.4997780798627531e-05,0.0016731753492179979,0.0009921246977008546
290,290,290,289,987.2389993746484,2.2496671197941298e-05,1.4997780798627531e-05,0.0016731753492179979,0.0009921246977008546
291,291,291,291,987.2389984338229,2.2496711495456623e-05,1.4997807663637749e-05,0.0016732454672242004,0.0009921279161468988
292,292,292,291,987.2389984338229,2.2496711495456623e-05,1.4997807663637749e-05,0.0016732454672242004,0.0009921279161468988
293,293,293,293,987.2389982494467,2.2496675740724115e-05,1.499778382714941e-05,0.0016731689708823771,0.0009921250942345969
294,294,294,293,987.2389982494467,2.2496675740724115e-05,1.499778382714941e-05,0.0016731689708823771,0.0009921250942345969
295,295,295,295,987.2389973000195,2.2496742055844177e-05,1.499782803722945e-05,0.001673248655726132,0.0009921278643365056
296,296,296,295,987.2389973000195,2.2496742055844177e-05,1.499782803722945e-05,0.001673248655726132,0.0009921278643365056
297,297,297,297,987.2389971201562,2.249675439192078e-05,1.499783626128052e-05,0.0016731735496672594,0.0009921249218094092
298,298,298,297,987.2389971201562,2.249675439192078e-05,1.499783626128052e-05,0.0016731735496672594,0.0009921249218094092
299,299,299,299,987.2389961672457,2.2496796472204483e-05,1.4997864314802989e-05,0.0016732475067879145,0.0009921282506083588
