iteration,nf,previous_rho,trust_region_delta,adaptive_schedule,requested_budget,scheduled_budget,shots_added,active_circuits,revealed_union_circuits,accounted_revealed_shots,total_shot_budget,remaining_shot_budget,shot_budget_exhausted,physical_precomputed_shots
0,0,,0.1,lazy_delta_inverse_square,0,0,0,1918,1918,1150800,4795000,3644200,False,1150800
1,1,16.710435964405026,0.2,lazy_delta_inverse_square,0,0,0,1918,1918,1150800,4795000,3644200,False,1150800
2,2,-0.9262995101082034,0.1,lazy_delta_inverse_square,0,0,0,1918,1918,1150800,4795000,3644200,False,1150800
3,3,0.49536262645751483,0.2,lazy_delta_inverse_square,0,0,0,1918,1918,1150800,4795000,3644200,False,1150800
4,4,-2.9639101432437562,0.1,lazy_delta_inverse_square,0,0,0,1918,1918,1150800,4795000,3644200,False,1150800
5,5,-1.21935220212342,0.05,lazy_delta_inverse_square,10000,10000,10000,1918,1918,1160800,4795000,3634200,False,1160800
6,6,0.2730558779942891,0.1,lazy_delta_inverse_square,0,0,0,1918,1918,1160800,4795000,3634200,False,1160800
7,7,-0.8983844416775193,0.05,lazy_delta_inverse_square,0,0,0,1918,1918,1160800,4795000,3634200,False,1160800
8,8,0.008248824145348436,0.025,lazy_delta_inverse_square,0,0,0,1918,1918,1160800,4795000,3634200,False,1160800
9,9,0.6322593122426413,0.05,lazy_delta_inverse_square,0,0,0,1918,1918,1160800,4795000,3634200,False,1160800
10,10,-0.8844588201952156,0.025,lazy_delta_inverse_square,10000,10000,10000,1918,1918,1170800,4795000,3624200,False,1170800
11,11,0.7106252038084063,0.05,lazy_delta_inverse_square,0,0,0,1918,1918,1170800,4795000,3624200,False,1170800
12,12,-0.6594804942134976,0.025,lazy_delta_inverse_square,0,0,0,1918,1918,1170800,4795000,3624200,False,1170800
13,13,0.4528035504591672,0.05,lazy_delta_inverse_square,0,0,0,1918,1918,1170800,4795000,3624200,False,1170800
14,14,-1.6433342952867744,0.025,lazy_delta_inverse_square,0,0,0,1918,1918,1170800,4795000,3624200,False,1170800
15,15,0.2686162852592852,0.05,lazy_delta_inverse_square,10000,10000,10000,1918,1918,1180800,4795000,3614200,False,1180800
16,16,-0.1726305458695273,0.025,lazy_delta_inverse_square,0,0,0,1918,1918,1180800,4795000,3614200,False,1180800
17,17,0.48591624211753354,0.05,lazy_delta_inverse_square,0,0,0,1918,1918,1180800,4795000,3614200,False,1180800
18,18,-3.8778961964098237,0.025,lazy_delta_inverse_square,0,0,0,1918,1918,1180800,4795000,3614200,False,1180800
19,19,-0.6820736016030517,0.0125,lazy_delta_inverse_square,0,0,0,1918,1918,1180800,4795000,3614200,False,1180800
20,20,0.7023667513336841,0.025,lazy_delta_inverse_square,10000,10000,10000,1918,1918,1190800,4795000,3604200,False,1190800
21,21,-4.774026116222231,0.0125,lazy_delta_inverse_square,0,0,0,1918,1918,1190800,4795000,3604200,False,1190800
22,22,0.11503868076834359,0.025,lazy_delta_inverse_square,0,0,0,1918,1918,1190800,4795000,3604200,False,1190800
23,23,-5.334983743033755,0.0125,lazy_delta_inverse_square,0,0,0,1918,1918,1190800,4795000,3604200,False,1190800
24,24,-0.5503326996245214,0.00625,lazy_delta_inverse_square,0,0,0,1918,1918,1190800,4795000,3604200,False,1190800
25,25,0.8475380347433199,0.0125,lazy_delta_inverse_square,10000,10000,10000,1918,1918,1200800,4795000,3594200,False,1200800
26,26,-7.927069397766702,0.00625,lazy_delta_inverse_square,0,0,0,1918,1918,1200800,4795000,3594200,False,1200800
27,27,-0.5032696437163643,0.003125,lazy_delta_inverse_square,0,0,0,1918,1918,1200800,4795000,3594200,False,1200800
28,28,0.8977261570998197,0.00625,lazy_delta_inverse_square,0,0,0,1918,1918,1200800,4795000,3594200,False,1200800
29,29,-13.256990808851894,0.003125,lazy_delta_inverse_square,0,0,0,1918,1918,1200800,4795000,3594200,False,1200800
30,30,-1.000538407453634,0.0015625,lazy_delta_inverse_square,10000,10000,10000,1918,1918,1210800,4795000,3584200,False,1210800
31,31,0.43489034053609027,0.003125,lazy_delta_inverse_square,0,0,0,1918,1918,1210800,4795000,3584200,False,1210800
32,32,-4.069064637587248,0.0015625,lazy_delta_inverse_square,0,0,0,1918,1918,1210800,4795000,3584200,False,1210800
33,33,0.13488563764661862,0.003125,lazy_delta_inverse_square,0,0,0,1918,1918,1210800,4795000,3584200,False,1210800
34,34,-4.779602191381499,0.0015625,lazy_delta_inverse_square,0,0,0,1918,1918,1210800,4795000,3584200,False,1210800
35,35,0.3628606403604712,0.003125,lazy_delta_inverse_square,10000,10000,10000,1918,1918,1220800,4795000,3574200,False,1220800
36,36,-7.559327900698644,0.0015625,lazy_delta_inverse_square,0,0,0,1918,1918,1220800,4795000,3574200,False,1220800
37,37,-0.09916533949945198,0.00078125,lazy_delta_inverse_square,0,0,0,1918,1918,1220800,4795000,3574200,False,1220800
38,38,0.8368300026163852,0.0015625,lazy_delta_inverse_square,0,0,0,1918,1918,1220800,4795000,3574200,False,1220800
39,39,-4.544942265782262,0.00078125,lazy_delta_inverse_square,0,0,0,1918,1918,1220800,4795000,3574200,False,1220800
40,40,0.285571271780255,0.0015625,lazy_delta_inverse_square,10000,10000,10000,1918,1918,1230800,4795000,3564200,False,1230800
41,41,-3.895949555105704,0.00078125,lazy_delta_inverse_square,0,0,0,1918,1918,1230800,4795000,3564200,False,1230800
42,42,0.2904583173380763,0.0015625,lazy_delta_inverse_square,0,0,0,1918,1918,1230800,4795000,3564200,False,1230800
43,43,-3.4144076895341513,0.00078125,lazy_delta_inverse_square,0,0,0,1918,1918,1230800,4795000,3564200,False,1230800
44,44,0.360097037659868,0.0015625,lazy_delta_inverse_square,0,0,0,1918,1918,1230800,4795000,3564200,False,1230800
45,45,-4.513141001926263,0.00078125,lazy_delta_inverse_square,10000,10000,10000,1918,1918,1240800,4795000,3554200,False,1240800
46,46,0.4184375598441409,0.0015625,lazy_delta_inverse_square,0,0,0,1918,1918,1240800,4795000,3554200,False,1240800
47,47,-4.461870659414595,0.00078125,lazy_delta_inverse_square,0,0,0,1918,1918,1240800,4795000,3554200,False,1240800
48,48,0.16904715786702668,0.0015625,lazy_delta_inverse_square,0,0,0,1918,1918,1240800,4795000,3554200,False,1240800
49,49,-4.551475295080462,0.00078125,lazy_delta_inverse_square,0,0,0,1918,1918,1240800,4795000,3554200,False,1240800
50,50,0.11776268331108809,0.0015625,lazy_delta_inverse_square,10000,10000,10000,1918,1918,1250800,4795000,3544200,False,1250800
51,51,-4.0810236586694915,0.00078125,lazy_delta_inverse_square,0,0,0,1918,1918,1250800,4795000,3544200,False,1250800
52,52,0.25383227200027864,0.0015625,lazy_delta_inverse_square,0,0,0,1918,1918,1250800,4795000,3544200,False,1250800
53,53,-4.241703287521322,0.00078125,lazy_delta_inverse_square,0,0,0,1918,1918,1250800,4795000,3544200,False,1250800
54,54,0.3923595167049108,0.0015625,lazy_delta_inverse_square,0,0,0,1918,1918,1250800,4795000,3544200,False,1250800
55,55,-5.623309467092601,0.00078125,lazy_delta_inverse_square,10000,10000,10000,1918,1918,1260800,4795000,3534200,False,1260800
56,56,0.46865327415733676,0.0015625,lazy_delta_inverse_square,0,0,0,1918,1918,1260800,4795000,3534200,False,1260800
57,57,-9.723921783047594,0.00078125,lazy_delta_inverse_square,0,0,0,1918,1918,1260800,4795000,3534200,False,1260800
58,58,-0.500322924622051,0.000390625,lazy_delta_inverse_square,0,0,0,1918,1918,1260800,4795000,3534200,False,1260800
59,59,0.7057244188682333,0.00078125,lazy_delta_inverse_square,0,0,0,1918,1918,1260800,4795000,3534200,False,1260800
60,60,-2.7910774722120157,0.000390625,lazy_delta_inverse_square,10000,10000,10000,1918,1918,1270800,4795000,3524200,False,1270800
61,61,0.8796573745148559,0.00078125,lazy_delta_inverse_square,0,0,0,1918,1918,1270800,4795000,3524200,False,1270800
62,62,-1.3001285746593925,0.000390625,lazy_delta_inverse_square,0,0,0,1918,1918,1270800,4795000,3524200,False,1270800
63,63,0.3715937848591843,0.00078125,lazy_delta_inverse_square,0,0,0,1918,1918,1270800,4795000,3524200,False,1270800
64,64,-2.0533905350625976,0.000390625,lazy_delta_inverse_square,0,0,0,1918,1918,1270800,4795000,3524200,False,1270800
65,65,0.41942420579875545,0.00078125,lazy_delta_inverse_square,10000,10000,10000,1918,1918,1280800,4795000,3514200,False,1280800
66,66,0.07528524547578107,0.0015625,lazy_delta_inverse_square,0,0,0,1918,1918,1280800,4795000,3514200,False,1280800
67,67,-4.941361111320749,0.00078125,lazy_delta_inverse_square,0,0,0,1918,1918,1280800,4795000,3514200,False,1280800
68,68,0.11325331682222879,0.0015625,lazy_delta_inverse_square,0,0,0,1918,1918,1280800,4795000,3514200,False,1280800
69,69,-5.930316663513566,0.00078125,lazy_delta_inverse_square,0,0,0,1918,1918,1280800,4795000,3514200,False,1280800
70,70,0.20734124804089646,0.0015625,lazy_delta_inverse_square,10000,10000,10000,1918,1918,1290800,4795000,3504200,False,1290800
71,71,-6.315310512553428,0.00078125,lazy_delta_inverse_square,0,0,0,1918,1918,1290800,4795000,3504200,False,1290800
72,72,0.08839098718975767,0.0015625,lazy_delta_inverse_square,0,0,0,1918,1918,1290800,4795000,3504200,False,1290800
73,73,-3.5546196811343265,0.00078125,lazy_delta_inverse_square,0,0,0,1918,1918,1290800,4795000,3504200,False,1290800
74,74,0.27773468892829767,0.0015625,lazy_delta_inverse_square,0,0,0,1918,1918,1290800,4795000,3504200,False,1290800
75,75,-13.188735020166428,0.00078125,lazy_delta_inverse_square,10000,10000,10000,1918,1918,1300800,4795000,3494200,False,1300800
76,76,0.4061283044542159,0.0015625,lazy_delta_inverse_square,0,0,0,1918,1918,1300800,4795000,3494200,False,1300800
77,77,-6.93340000476351,0.00078125,lazy_delta_inverse_square,0,0,0,1918,1918,1300800,4795000,3494200,False,1300800
78,78,0.1873890672123169,0.0015625,lazy_delta_inverse_square,0,0,0,1918,1918,1300800,4795000,3494200,False,1300800
79,79,-11.436823100274344,0.00078125,lazy_delta_inverse_square,0,0,0,1918,1918,1300800,4795000,3494200,False,1300800
80,80,-0.5389698259487482,0.000390625,lazy_delta_inverse_square,11365,11365,11365,1918,1918,1312165,4795000,3482835,False,1312165
81,81,0.9313752560879904,0.00078125,lazy_delta_inverse_square,0,0,0,1918,1918,1312165,4795000,3482835,False,1312165
82,82,-4.556743616719538,0.000390625,lazy_delta_inverse_square,0,0,0,1918,1918,1312165,4795000,3482835,False,1312165
83,83,0.2280138544602425,0.00078125,lazy_delta_inverse_square,0,0,0,1918,1918,1312165,4795000,3482835,False,1312165
84,84,-3.828546925189831,0.000390625,lazy_delta_inverse_square,0,0,0,1918,1918,1312165,4795000,3482835,False,1312165
85,85,0.2785507847386247,0.00078125,lazy_delta_inverse_square,10000,10000,10000,1918,1918,1322165,4795000,3472835,False,1322165
86,86,-0.1383252596392372,0.000390625,lazy_delta_inverse_square,0,0,0,1918,1918,1322165,4795000,3472835,False,1322165
87,87,0.8394642833761005,0.00078125,lazy_delta_inverse_square,0,0,0,1918,1918,1322165,4795000,3472835,False,1322165
88,88,-3.235211458414102,0.000390625,lazy_delta_inverse_square,0,0,0,1918,1918,1322165,4795000,3472835,False,1322165
89,89,0.525059793490906,0.00078125,lazy_delta_inverse_square,0,0,0,1918,1918,1322165,4795000,3472835,False,1322165
90,90,-7.604945571181787,0.000390625,lazy_delta_inverse_square,15275,15275,15275,1918,1918,1337440,4795000,3457560,False,1337440
91,91,0.8632377755526011,0.00078125,lazy_delta_inverse_square,0,0,0,1918,1918,1337440,4795000,3457560,False,1337440
92,92,-2.7232785559429935,0.000390625,lazy_delta_inverse_square,0,0,0,1918,1918,1337440,4795000,3457560,False,1337440
93,93,0.44505172690848455,0.00078125,lazy_delta_inverse_square,0,0,0,1918,1918,1337440,4795000,3457560,False,1337440
94,94,-3.2892452161549417,0.000390625,lazy_delta_inverse_square,0,0,0,1918,1918,1337440,4795000,3457560,False,1337440
95,95,0.1307149296795818,0.00078125,lazy_delta_inverse_square,10000,10000,10000,1918,1918,1347440,4795000,3447560,False,1347440
96,96,-1.0191272694525015,0.000390625,lazy_delta_inverse_square,0,0,0,1918,1918,1347440,4795000,3447560,False,1347440
97,97,0.6942084598219962,0.00078125,lazy_delta_inverse_square,0,0,0,1918,1918,1347440,4795000,3447560,False,1347440
98,98,-3.2363214745831885,0.000390625,lazy_delta_inverse_square,0,0,0,1918,1918,1347440,4795000,3447560,False,1347440
99,99,0.20994212768297185,0.00078125,lazy_delta_inverse_square,0,0,0,1918,1918,1347440,4795000,3447560,False,1347440
100,100,-4.697375489155451,0.000390625,lazy_delta_inverse_square,20525,20525,20525,1918,1918,1367965,4795000,3427035,False,1367965
101,101,0.8573639830464579,0.00078125,lazy_delta_inverse_square,0,0,0,1918,1918,1367965,4795000,3427035,False,1367965
102,102,-2.0915061525773297,0.000390625,lazy_delta_inverse_square,0,0,0,1918,1918,1367965,4795000,3427035,False,1367965
103,103,0.6754993852703094,0.00078125,lazy_delta_inverse_square,0,0,0,1918,1918,1367965,4795000,3427035,False,1367965
104,104,-2.7494489637033115,0.000390625,lazy_delta_inverse_square,0,0,0,1918,1918,1367965,4795000,3427035,False,1367965
105,105,-0.09758162019926954,0.0001953125,lazy_delta_inverse_square,23795,23795,23795,1918,1918,1391760,4795000,3403240,False,1391760
106,106,0.9606711740920769,0.000390625,lazy_delta_inverse_square,0,0,0,1918,1918,1391760,4795000,3403240,False,1391760
107,107,0.4455922145813536,0.00078125,lazy_delta_inverse_square,0,0,0,1918,1918,1391760,4795000,3403240,False,1391760
108,108,-5.192111936950146,0.000390625,lazy_delta_inverse_square,0,0,0,1918,1918,1391760,4795000,3403240,False,1391760
109,109,-0.06039012583757901,0.0001953125,lazy_delta_inverse_square,0,0,0,1918,1918,1391760,4795000,3403240,False,1391760
110,110,0.7551465306890706,0.000390625,lazy_delta_inverse_square,27585,27585,27585,1918,1918,1419345,4795000,3375655,False,1419345
111,111,0.7875328977129903,0.00078125,lazy_delta_inverse_square,0,0,0,1918,1918,1419345,4795000,3375655,False,1419345
112,112,-2.5242641748133203,0.000390625,lazy_delta_inverse_square,0,0,0,1918,1918,1419345,4795000,3375655,False,1419345
113,113,0.336908224989477,0.00078125,lazy_delta_inverse_square,0,0,0,1918,1918,1419345,4795000,3375655,False,1419345
114,114,-1.9069617608753768,0.000390625,lazy_delta_inverse_square,0,0,0,1918,1918,1419345,4795000,3375655,False,1419345
115,115,0.24245266748477265,0.00078125,lazy_delta_inverse_square,10000,10000,10000,1918,1918,1429345,4795000,3365655,False,1429345
116,116,-1.0955622633493851,0.000390625,lazy_delta_inverse_square,0,0,0,1918,1918,1429345,4795000,3365655,False,1429345
117,117,0.6207558637750388,0.00078125,lazy_delta_inverse_square,0,0,0,1918,1918,1429345,4795000,3365655,False,1429345
118,118,-3.3583763869566443,0.000390625,lazy_delta_inverse_square,0,0,0,1918,1918,1429345,4795000,3365655,False,1429345
119,119,0.02965649543476618,0.0001953125,lazy_delta_inverse_square,0,0,0,1918,1918,1429345,4795000,3365655,False,1429345
120,120,0.6891711143829232,0.000390625,lazy_delta_inverse_square,32770,32770,32770,1918,1918,1462115,4795000,3332885,False,1462115
121,121,0.8590723095872473,0.00078125,lazy_delta_inverse_square,0,0,0,1918,1918,1462115,4795000,3332885,False,1462115
122,122,-1.7403247166459488,0.000390625,lazy_delta_inverse_square,0,0,0,1918,1918,1462115,4795000,3332885,False,1462115
123,123,0.3019453471309382,0.00078125,lazy_delta_inverse_square,0,0,0,1918,1918,1462115,4795000,3332885,False,1462115
124,124,-4.107694775890706,0.000390625,lazy_delta_inverse_square,0,0,0,1918,1918,1462115,4795000,3332885,False,1462115
125,125,-0.058934297665219876,0.0001953125,lazy_delta_inverse_square,42975,42975,42975,1918,1918,1505090,4795000,3289910,False,1505090
126,126,0.9603799493341664,0.000390625,lazy_delta_inverse_square,0,0,0,1918,1918,1505090,4795000,3289910,False,1505090
127,127,-0.1811614850503466,0.0001953125,lazy_delta_inverse_square,0,0,0,1918,1918,1505090,4795000,3289910,False,1505090
128,128,0.6603564510928612,0.000390625,lazy_delta_inverse_square,0,0,0,1918,1918,1505090,4795000,3289910,False,1505090
129,129,-0.20421291624650953,0.0001953125,lazy_delta_inverse_square,0,0,0,1918,1918,1505090,4795000,3289910,False,1505090
130,130,0.5547919954595998,0.000390625,lazy_delta_inverse_square,32770,32770,32770,1918,1918,1537860,4795000,3257140,False,1537860
131,131,0.6991499283285594,0.00078125,lazy_delta_inverse_square,0,0,0,1918,1918,1537860,4795000,3257140,False,1537860
132,132,-1.1332010479089336,0.000390625,lazy_delta_inverse_square,0,0,0,1918,1918,1537860,4795000,3257140,False,1537860
133,133,0.539430408833919,0.00078125,lazy_delta_inverse_square,0,0,0,1918,1918,1537860,4795000,3257140,False,1537860
134,134,-3.363507942253772,0.000390625,lazy_delta_inverse_square,0,0,0,1918,1918,1537860,4795000,3257140,False,1537860
135,135,0.23503590819391695,0.00078125,lazy_delta_inverse_square,10000,10000,10000,1918,1918,1547860,4795000,3247140,False,1547860
136,136,-1.758545895233391,0.000390625,lazy_delta_inverse_square,0,0,0,1918,1918,1547860,4795000,3247140,False,1547860
137,137,0.5100066121194703,0.00078125,lazy_delta_inverse_square,0,0,0,1918,1918,1547860,4795000,3247140,False,1547860
138,138,-5.734758900485303,0.000390625,lazy_delta_inverse_square,0,0,0,1918,1918,1547860,4795000,3247140,False,1547860
139,139,-0.2588166148114134,0.0001953125,lazy_delta_inverse_square,0,0,0,1918,1918,1547860,4795000,3247140,False,1547860
140,140,0.6784373016324747,0.000390625,lazy_delta_inverse_square,32770,32770,32770,1918,1918,1580630,4795000,3214370,False,1580630
141,141,0.7783150537218039,0.00078125,lazy_delta_inverse_square,0,0,0,1918,1918,1580630,4795000,3214370,False,1580630
142,142,-2.213836588599146,0.000390625,lazy_delta_inverse_square,0,0,0,1918,1918,1580630,4795000,3214370,False,1580630
143,143,0.42596138884556045,0.00078125,lazy_delta_inverse_square,0,0,0,1918,1918,1580630,4795000,3214370,False,1580630
144,144,-4.722940365403098,0.000390625,lazy_delta_inverse_square,0,0,0,1918,1918,1580630,4795000,3214370,False,1580630
145,145,-0.00770971523934853,0.0001953125,lazy_delta_inverse_square,77620,77620,77620,1918,1918,1658250,4795000,3136750,False,1658250
146,146,0.9644757623742316,0.000390625,lazy_delta_inverse_square,0,0,0,1918,1918,1658250,4795000,3136750,False,1658250
147,147,0.45063265888722603,0.00078125,lazy_delta_inverse_square,0,0,0,1918,1918,1658250,4795000,3136750,False,1658250
148,148,-1.4079872903594925,0.000390625,lazy_delta_inverse_square,0,0,0,1918,1918,1658250,4795000,3136750,False,1658250
149,149,0.5330086273150194,0.00078125,lazy_delta_inverse_square,0,0,0,1918,1918,1658250,4795000,3136750,False,1658250
150,150,-4.133073598269334,0.000390625,lazy_delta_inverse_square,32770,32770,32770,1918,1918,1691020,4795000,3103980,False,1691020
151,151,0.7795803301231928,0.00078125,lazy_delta_inverse_square,0,0,0,1918,1918,1691020,4795000,3103980,False,1691020
152,152,-2.3901130140462032,0.000390625,lazy_delta_inverse_square,0,0,0,1918,1918,1691020,4795000,3103980,False,1691020
153,153,0.35070859155925427,0.00078125,lazy_delta_inverse_square,0,0,0,1918,1918,1691020,4795000,3103980,False,1691020
154,154,-4.086831374538259,0.000390625,lazy_delta_inverse_square,0,0,0,1918,1918,1691020,4795000,3103980,False,1691020
155,155,0.10169676366894469,0.00078125,lazy_delta_inverse_square,10000,10000,10000,1918,1918,1701020,4795000,3093980,False,1701020
156,156,-1.1561313850177573,0.000390625,lazy_delta_inverse_square,0,0,0,1918,1918,1701020,4795000,3093980,False,1701020
157,157,0.6570857693499265,0.00078125,lazy_delta_inverse_square,0,0,0,1918,1918,1701020,4795000,3093980,False,1701020
158,158,-4.22193269639465,0.000390625,lazy_delta_inverse_square,0,0,0,1918,1918,1701020,4795000,3093980,False,1701020
159,159,0.01781994619238785,0.0001953125,lazy_delta_inverse_square,0,0,0,1918,1918,1701020,4795000,3093980,False,1701020
160,160,0.807546363000346,0.000390625,lazy_delta_inverse_square,32770,32770,32770,1918,1918,1733790,4795000,3061210,False,1733790
161,161,0.644510964834557,0.00078125,lazy_delta_inverse_square,0,0,0,1918,1918,1733790,4795000,3061210,False,1733790
162,162,-1.4763565081561816,0.000390625,lazy_delta_inverse_square,0,0,0,1918,1918,1733790,4795000,3061210,False,1733790
163,163,0.43629182857054755,0.00078125,lazy_delta_inverse_square,0,0,0,1918,1918,1733790,4795000,3061210,False,1733790
164,164,-3.470209072256167,0.000390625,lazy_delta_inverse_square,0,0,0,1918,1918,1733790,4795000,3061210,False,1733790
165,165,0.1517019508845464,0.00078125,lazy_delta_inverse_square,10000,10000,10000,1918,1918,1743790,4795000,3051210,False,1743790
166,166,-1.59601980272765,0.000390625,lazy_delta_inverse_square,0,0,0,1918,1918,1743790,4795000,3051210,False,1743790
167,167,0.6152004556878906,0.00078125,lazy_delta_inverse_square,0,0,0,1918,1918,1743790,4795000,3051210,False,1743790
168,168,-3.023259076784276,0.000390625,lazy_delta_inverse_square,0,0,0,1918,1918,1743790,4795000,3051210,False,1743790
169,169,0.2623802256514149,0.00078125,lazy_delta_inverse_square,0,0,0,1918,1918,1743790,4795000,3051210,False,1743790
170,170,-2.738067691712073,0.000390625,lazy_delta_inverse_square,32770,32770,32770,1918,1918,1776560,4795000,3018440,False,1776560
171,171,0.7559357749348539,0.00078125,lazy_delta_inverse_square,0,0,0,1918,1918,1776560,4795000,3018440,False,1776560
172,172,-3.073164294267204,0.000390625,lazy_delta_inverse_square,0,0,0,1918,1918,1776560,4795000,3018440,False,1776560
173,173,0.3369589950724574,0.00078125,lazy_delta_inverse_square,0,0,0,1918,1918,1776560,4795000,3018440,False,1776560
174,174,-2.3729757089619725,0.000390625,lazy_delta_inverse_square,0,0,0,1918,1918,1776560,4795000,3018440,False,1776560
175,175,0.4331402200058188,0.00078125,lazy_delta_inverse_square,10000,10000,10000,1918,1918,1786560,4795000,3008440,False,1786560
176,176,-1.2544507771427449,0.000390625,lazy_delta_inverse_square,0,0,0,1918,1918,1786560,4795000,3008440,False,1786560
177,177,0.6686562390599678,0.00078125,lazy_delta_inverse_square,0,0,0,1918,1918,1786560,4795000,3008440,False,1786560
178,178,-2.2956675955340025,0.000390625,lazy_delta_inverse_square,0,0,0,1918,1918,1786560,4795000,3008440,False,1786560
179,179,0.3910905090077997,0.00078125,lazy_delta_inverse_square,0,0,0,1918,1918,1786560,4795000,3008440,False,1786560
180,180,-5.128513074791744,0.000390625,lazy_delta_inverse_square,32770,32770,32770,1918,1918,1819330,4795000,2975670,False,1819330
181,181,0.6907981492398202,0.00078125,lazy_delta_inverse_square,0,0,0,1918,1918,1819330,4795000,2975670,False,1819330
182,182,-1.7656706293436348,0.000390625,lazy_delta_inverse_square,0,0,0,1918,1918,1819330,4795000,2975670,False,1819330
183,183,0.3970105011201053,0.00078125,lazy_delta_inverse_square,0,0,0,1918,1918,1819330,4795000,2975670,False,1819330
184,184,-3.3854613528537327,0.000390625,lazy_delta_inverse_square,0,0,0,1918,1918,1819330,4795000,2975670,False,1819330
185,185,0.22904441507701737,0.00078125,lazy_delta_inverse_square,10000,10000,10000,1918,1918,1829330,4795000,2965670,False,1829330
186,186,-1.7569046184165047,0.000390625,lazy_delta_inverse_square,0,0,0,1918,1918,1829330,4795000,2965670,False,1829330
187,187,0.5898135377593222,0.00078125,lazy_delta_inverse_square,0,0,0,1918,1918,1829330,4795000,2965670,False,1829330
188,188,-4.184116508230796,0.000390625,lazy_delta_inverse_square,0,0,0,1918,1918,1829330,4795000,2965670,False,1829330
189,189,0.12501666239128387,0.00078125,lazy_delta_inverse_square,0,0,0,1918,1918,1829330,4795000,2965670,False,1829330
190,190,-3.4003604540201144,0.000390625,lazy_delta_inverse_square,32770,32770,32770,1918,1918,1862100,4795000,2932900,False,1862100
191,191,0.8722427609102683,0.00078125,lazy_delta_inverse_square,0,0,0,1918,1918,1862100,4795000,2932900,False,1862100
192,192,-4.469495936563908,0.000390625,lazy_delta_inverse_square,0,0,0,1918,1918,1862100,4795000,2932900,False,1862100
193,193,-0.22970194943242964,0.0001953125,lazy_delta_inverse_square,0,0,0,1918,1918,1862100,4795000,2932900,False,1862100
194,194,0.6760339653637709,0.000390625,lazy_delta_inverse_square,0,0,0,1918,1918,1862100,4795000,2932900,False,1862100
195,195,-1.3717983858516074,0.0001953125,lazy_delta_inverse_square,131075,131075,131075,1918,1918,1993175,4795000,2801825,False,1993175
196,196,0.9843030201327605,0.000390625,lazy_delta_inverse_square,0,0,0,1918,1918,1993175,4795000,2801825,False,1993175
197,197,0.4198665794368658,0.00078125,lazy_delta_inverse_square,0,0,0,1918,1918,1993175,4795000,2801825,False,1993175
198,198,-3.3678781237888122,0.000390625,lazy_delta_inverse_square,0,0,0,1918,1918,1993175,4795000,2801825,False,1993175
199,199,0.14871550254949872,0.00078125,lazy_delta_inverse_square,0,0,0,1918,1918,1993175,4795000,2801825,False,1993175
200,200,-2.752208468441525,0.000390625,lazy_delta_inverse_square,32770,32770,32770,1918,1918,2025945,4795000,2769055,False,2025945
201,201,0.754985125739812,0.00078125,lazy_delta_inverse_square,0,0,0,1918,1918,2025945,4795000,2769055,False,2025945
202,202,-4.084795539085656,0.000390625,lazy_delta_inverse_square,0,0,0,1918,1918,2025945,4795000,2769055,False,2025945
203,203,0.16908810207930228,0.00078125,lazy_delta_inverse_square,0,0,0,1918,1918,2025945,4795000,2769055,False,2025945
204,204,-4.13800970997269,0.000390625,lazy_delta_inverse_square,0,0,0,1918,1918,2025945,4795000,2769055,False,2025945
205,205,0.11400288201022715,0.00078125,lazy_delta_inverse_square,10000,10000,10000,1918,1918,2035945,4795000,2759055,False,2035945
206,206,-2.5479302992314046,0.000390625,lazy_delta_inverse_square,0,0,0,1918,1918,2035945,4795000,2759055,False,2035945
207,207,0.4634088837908157,0.00078125,lazy_delta_inverse_square,0,0,0,1918,1918,2035945,4795000,2759055,False,2035945
208,208,-4.770007510039544,0.000390625,lazy_delta_inverse_square,0,0,0,1918,1918,2035945,4795000,2759055,False,2035945
209,209,0.010897145365149278,0.0001953125,lazy_delta_inverse_square,0,0,0,1918,1918,2035945,4795000,2759055,False,2035945
210,210,0.8082860726727897,0.000390625,lazy_delta_inverse_square,32770,32770,32770,1918,1918,2068715,4795000,2726285,False,2068715
211,211,0.700630822523238,0.00078125,lazy_delta_inverse_square,0,0,0,1918,1918,2068715,4795000,2726285,False,2068715
212,212,-3.6151274758108434,0.000390625,lazy_delta_inverse_square,0,0,0,1918,1918,2068715,4795000,2726285,False,2068715
213,213,0.5785255915528704,0.00078125,lazy_delta_inverse_square,0,0,0,1918,1918,2068715,4795000,2726285,False,2068715
214,214,-4.450364170523183,0.000390625,lazy_delta_inverse_square,0,0,0,1918,1918,2068715,4795000,2726285,False,2068715
215,215,0.008872062055066908,0.0001953125,lazy_delta_inverse_square,131075,131075,131075,1918,1918,2199790,4795000,2595210,False,2199790
216,216,0.9716513635178676,0.000390625,lazy_delta_inverse_square,0,0,0,1918,1918,2199790,4795000,2595210,False,2199790
217,217,0.37970891987825395,0.00078125,lazy_delta_inverse_square,0,0,0,1918,1918,2199790,4795000,2595210,False,2199790
218,218,-2.2981544812355144,0.000390625,lazy_delta_inverse_square,0,0,0,1918,1918,2199790,4795000,2595210,False,2199790
219,219,0.3996700814631718,0.00078125,lazy_delta_inverse_square,0,0,0,1918,1918,2199790,4795000,2595210,False,2199790
220,220,-4.057713843426842,0.000390625,lazy_delta_inverse_square,32770,32770,32770,1918,1918,2232560,4795000,2562440,False,2232560
221,221,0.5479310153981238,0.00078125,lazy_delta_inverse_square,0,0,0,1918,1918,2232560,4795000,2562440,False,2232560
222,222,-4.000662511057921,0.000390625,lazy_delta_inverse_square,0,0,0,1918,1918,2232560,4795000,2562440,False,2232560
223,223,0.12034668867597655,0.00078125,lazy_delta_inverse_square,0,0,0,1918,1918,2232560,4795000,2562440,False,2232560
224,224,-3.730543231424452,0.000390625,lazy_delta_inverse_square,0,0,0,1918,1918,2232560,4795000,2562440,False,2232560
225,225,0.19290069875690274,0.00078125,lazy_delta_inverse_square,10000,10000,10000,1918,1918,2242560,4795000,2552440,False,2242560
226,226,-3.7050205909610043,0.000390625,lazy_delta_inverse_square,0,0,0,1918,1918,2242560,4795000,2552440,False,2242560
227,227,0.20798762179856967,0.00078125,lazy_delta_inverse_square,0,0,0,1918,1918,2242560,4795000,2552440,False,2242560
228,228,-4.02790234347039,0.000390625,lazy_delta_inverse_square,0,0,0,1918,1918,2242560,4795000,2552440,False,2242560
229,229,0.029555625480784158,0.0001953125,lazy_delta_inverse_square,0,0,0,1918,1918,2242560,4795000,2552440,False,2242560
230,230,0.8185461008785896,0.000390625,lazy_delta_inverse_square,32770,32770,32770,1918,1918,2275330,4795000,2519670,False,2275330
231,231,0.6575747845553466,0.00078125,lazy_delta_inverse_square,0,0,0,1918,1918,2275330,4795000,2519670,False,2275330
232,232,-5.985752821570111,0.000390625,lazy_delta_inverse_square,0,0,0,1918,1918,2275330,4795000,2519670,False,2275330
233,233,-0.3170188070348833,0.0001953125,lazy_delta_inverse_square,0,0,0,1918,1918,2275330,4795000,2519670,False,2275330
234,234,0.7484060330666226,0.000390625,lazy_delta_inverse_square,0,0,0,1918,1918,2275330,4795000,2519670,False,2275330
235,235,-3.0083935780405255,0.0001953125,lazy_delta_inverse_square,131075,131075,131075,1918,1918,2406405,4795000,2388595,False,2406405
236,236,0.9557295437305572,0.000390625,lazy_delta_inverse_square,0,0,0,1918,1918,2406405,4795000,2388595,False,2406405
237,237,-0.7495427734699334,0.0001953125,lazy_delta_inverse_square,0,0,0,1918,1918,2406405,4795000,2388595,False,2406405
238,238,0.6333375484201965,0.000390625,lazy_delta_inverse_square,0,0,0,1918,1918,2406405,4795000,2388595,False,2406405
239,239,-1.1904819325788292,0.0001953125,lazy_delta_inverse_square,0,0,0,1918,1918,2406405,4795000,2388595,False,2406405
240,240,0.29285931636282253,0.000390625,lazy_delta_inverse_square,32770,32770,32770,1918,1918,2439175,4795000,2355825,False,2439175
241,241,-0.1210676421113996,0.0001953125,lazy_delta_inverse_square,0,0,0,1918,1918,2439175,4795000,2355825,False,2439175
242,242,0.8182663842016351,0.000390625,lazy_delta_inverse_square,0,0,0,1918,1918,2439175,4795000,2355825,False,2439175
243,243,-1.310690204122724,0.0001953125,lazy_delta_inverse_square,0,0,0,1918,1918,2439175,4795000,2355825,False,2439175
244,244,0.38346430736665843,0.000390625,lazy_delta_inverse_square,0,0,0,1918,1918,2439175,4795000,2355825,False,2439175
245,245,-3.72210353637504,0.0001953125,lazy_delta_inverse_square,131075,131075,131075,1918,1918,2570250,4795000,2224750,False,2570250
246,246,0.9456430081323585,0.000390625,lazy_delta_inverse_square,0,0,0,1918,1918,2570250,4795000,2224750,False,2570250
247,247,-0.04850657573209364,0.0001953125,lazy_delta_inverse_square,0,0,0,1918,1918,2570250,4795000,2224750,False,2570250
248,248,0.8600750841465826,0.000390625,lazy_delta_inverse_square,0,0,0,1918,1918,2570250,4795000,2224750,False,2570250
249,249,-1.9012528899030852,0.0001953125,lazy_delta_inverse_square,0,0,0,1918,1918,2570250,4795000,2224750,False,2570250
250,250,0.6052388715900905,0.000390625,lazy_delta_inverse_square,32770,32770,32770,1918,1918,2603020,4795000,2191980,False,2603020
251,251,0.11046547929459481,0.00078125,lazy_delta_inverse_square,0,0,0,1918,1918,2603020,4795000,2191980,False,2603020
252,252,-4.968945010973634,0.000390625,lazy_delta_inverse_square,0,0,0,1918,1918,2603020,4795000,2191980,False,2603020
253,253,0.029180623385490663,0.0001953125,lazy_delta_inverse_square,0,0,0,1918,1918,2603020,4795000,2191980,False,2603020
254,254,0.8632632287824371,0.000390625,lazy_delta_inverse_square,0,0,0,1918,1918,2603020,4795000,2191980,False,2603020
255,255,-2.655048489280148,0.0001953125,lazy_delta_inverse_square,131075,131075,131075,1918,1918,2734095,4795000,2060905,False,2734095
256,256,0.9460669522793518,0.000390625,lazy_delta_inverse_square,0,0,0,1918,1918,2734095,4795000,2060905,False,2734095
257,257,-0.23386479206101982,0.0001953125,lazy_delta_inverse_square,0,0,0,1918,1918,2734095,4795000,2060905,False,2734095
258,258,0.7713026186950205,0.000390625,lazy_delta_inverse_square,0,0,0,1918,1918,2734095,4795000,2060905,False,2734095
259,259,-0.25806739243898597,0.0001953125,lazy_delta_inverse_square,0,0,0,1918,1918,2734095,4795000,2060905,False,2734095
260,260,0.6987312675344278,0.000390625,lazy_delta_inverse_square,32770,32770,32770,1918,1918,2766865,4795000,2028135,False,2766865
261,261,0.5288820662150076,0.00078125,lazy_delta_inverse_square,0,0,0,1918,1918,2766865,4795000,2028135,False,2766865
262,262,-4.821886109268612,0.000390625,lazy_delta_inverse_square,0,0,0,1918,1918,2766865,4795000,2028135,False,2766865
263,263,0.15725740484477205,0.00078125,lazy_delta_inverse_square,0,0,0,1918,1918,2766865,4795000,2028135,False,2766865
264,264,-8.15002744099605,0.000390625,lazy_delta_inverse_square,0,0,0,1918,1918,2766865,4795000,2028135,False,2766865
265,265,-0.04936685917264888,0.0001953125,lazy_delta_inverse_square,131075,131075,131075,1918,1918,2897940,4795000,1897060,False,2897940
266,266,0.9509388804436326,0.000390625,lazy_delta_inverse_square,0,0,0,1918,1918,2897940,4795000,1897060,False,2897940
267,267,-1.242907978685269,0.0001953125,lazy_delta_inverse_square,0,0,0,1918,1918,2897940,4795000,1897060,False,2897940
268,268,0.649955253417997,0.000390625,lazy_delta_inverse_square,0,0,0,1918,1918,2897940,4795000,1897060,False,2897940
269,269,-2.538618455146425,0.0001953125,lazy_delta_inverse_square,0,0,0,1918,1918,2897940,4795000,1897060,False,2897940
270,270,0.5464509723356867,0.000390625,lazy_delta_inverse_square,32770,32770,32770,1918,1918,2930710,4795000,1864290,False,2930710
271,271,-0.08316377000938155,0.0001953125,lazy_delta_inverse_square,0,0,0,1918,1918,2930710,4795000,1864290,False,2930710
272,272,0.8569567990596371,0.000390625,lazy_delta_inverse_square,0,0,0,1918,1918,2930710,4795000,1864290,False,2930710
273,273,-4.1446591545133575,0.0001953125,lazy_delta_inverse_square,0,0,0,1918,1918,2930710,4795000,1864290,False,2930710
274,274,0.10679887192827517,0.000390625,lazy_delta_inverse_square,0,0,0,1918,1918,2930710,4795000,1864290,False,2930710
275,275,-3.1186350152979023,0.0001953125,lazy_delta_inverse_square,131075,131075,131075,1918,1918,3061785,4795000,1733215,False,3061785
276,276,0.9652014386232993,0.000390625,lazy_delta_inverse_square,0,0,0,1918,1918,3061785,4795000,1733215,False,3061785
277,277,-0.804134568018179,0.0001953125,lazy_delta_inverse_square,0,0,0,1918,1918,3061785,4795000,1733215,False,3061785
278,278,0.6399488049834818,0.000390625,lazy_delta_inverse_square,0,0,0,1918,1918,3061785,4795000,1733215,False,3061785
279,279,-2.750316431916943,0.0001953125,lazy_delta_inverse_square,0,0,0,1918,1918,3061785,4795000,1733215,False,3061785
280,280,0.2155236865053645,0.000390625,lazy_delta_inverse_square,32770,32770,32770,1918,1918,3094555,4795000,1700445,False,3094555
281,281,-0.3436233597300668,0.0001953125,lazy_delta_inverse_square,0,0,0,1918,1918,3094555,4795000,1700445,False,3094555
282,282,0.7952072137241853,0.000390625,lazy_delta_inverse_square,0,0,0,1918,1918,3094555,4795000,1700445,False,3094555
283,283,-2.284604443127698,0.0001953125,lazy_delta_inverse_square,0,0,0,1918,1918,3094555,4795000,1700445,False,3094555
284,284,0.29152619584671813,0.000390625,lazy_delta_inverse_square,0,0,0,1918,1918,3094555,4795000,1700445,False,3094555
285,285,-2.509585886471536,0.0001953125,lazy_delta_inverse_square,131075,131075,131075,1918,1918,3225630,4795000,1569370,False,3225630
286,286,0.9618854425953272,0.000390625,lazy_delta_inverse_square,0,0,0,1918,1918,3225630,4795000,1569370,False,3225630
287,287,-2.1347764396141966,0.0001953125,lazy_delta_inverse_square,0,0,0,1918,1918,3225630,4795000,1569370,False,3225630
288,288,0.4645882394832543,0.000390625,lazy_delta_inverse_square,0,0,0,1918,1918,3225630,4795000,1569370,False,3225630
289,289,-1.4446057203139884,0.0001953125,lazy_delta_inverse_square,0,0,0,1918,1918,3225630,4795000,1569370,False,3225630
290,290,0.5921800188184752,0.000390625,lazy_delta_inverse_square,32770,32770,32770,1918,1918,3258400,4795000,1536600,False,3258400
291,291,-0.23051054058259954,0.0001953125,lazy_delta_inverse_square,0,0,0,1918,1918,3258400,4795000,1536600,False,3258400
292,292,0.831003175822181,0.000390625,lazy_delta_inverse_square,0,0,0,1918,1918,3258400,4795000,1536600,False,3258400
293,293,-1.8998292508746843,0.0001953125,lazy_delta_inverse_square,0,0,0,1918,1918,3258400,4795000,1536600,False,3258400
294,294,0.2749543327175593,0.000390625,lazy_delta_inverse_square,0,0,0,1918,1918,3258400,4795000,1536600,False,3258400
295,295,-2.073639002511509,0.0001953125,lazy_delta_inverse_square,131075,131075,131075,1918,1918,3389475,4795000,1405525,False,3389475
296,296,0.8933061279107202,0.000390625,lazy_delta_inverse_square,0,0,0,1918,1918,3389475,4795000,1405525,False,3389475
297,297,-1.1385593436899912,0.0001953125,lazy_delta_inverse_square,0,0,0,1918,1918,3389475,4795000,1405525,False,3389475
298,298,0.6615275613205621,0.000390625,lazy_delta_inverse_square,0,0,0,1918,1918,3389475,4795000,1405525,False,3389475
299,299,-2.1012523235350447,0.0001953125,lazy_delta_inverse_square,0,0,0,1918,1918,3389475,4795000,1405525,False,3389475
300,300,0.32369812232218803,0.000390625,lazy_delta_inverse_square,32770,32770,32770,1918,1918,3422245,4795000,1372755,False,3422245
301,301,-0.24826558954847636,0.0001953125,lazy_delta_inverse_square,0,0,0,1918,1918,3422245,4795000,1372755,False,3422245
302,302,0.7994158067613475,0.000390625,lazy_delta_inverse_square,0,0,0,1918,1918,3422245,4795000,1372755,False,3422245
303,303,-2.2693474640906484,0.0001953125,lazy_delta_inverse_square,0,0,0,1918,1918,3422245,4795000,1372755,False,3422245
304,304,0.32767966566986134,0.000390625,lazy_delta_inverse_square,0,0,0,1918,1918,3422245,4795000,1372755,False,3422245
305,305,-2.100287540931721,0.0001953125,lazy_delta_inverse_square,131075,131075,131075,1918,1918,3553320,4795000,1241680,False,3553320
306,306,0.9588958682955625,0.000390625,lazy_delta_inverse_square,0,0,0,1918,1918,3553320,4795000,1241680,False,3553320
307,307,-0.43205829605712814,0.0001953125,lazy_delta_inverse_square,0,0,0,1918,1918,3553320,4795000,1241680,False,3553320
308,308,0.7155698932953312,0.000390625,lazy_delta_inverse_square,0,0,0,1918,1918,3553320,4795000,1241680,False,3553320
309,309,-2.340959461666213,0.0001953125,lazy_delta_inverse_square,0,0,0,1918,1918,3553320,4795000,1241680,False,3553320
310,310,0.3735534348404828,0.000390625,lazy_delta_inverse_square,32770,32770,32770,1918,1918,3586090,4795000,1208910,False,3586090
311,311,0.5177062333955836,0.00078125,lazy_delta_inverse_square,0,0,0,1918,1918,3586090,4795000,1208910,False,3586090
312,312,-7.638064553126045,0.000390625,lazy_delta_inverse_square,0,0,0,1918,1918,3586090,4795000,1208910,False,3586090
313,313,0.07188474514161405,0.00078125,lazy_delta_inverse_square,0,0,0,1918,1918,3586090,4795000,1208910,False,3586090
314,314,-3.9118413479542227,0.000390625,lazy_delta_inverse_square,0,0,0,1918,1918,3586090,4795000,1208910,False,3586090
315,315,-0.0005602417827887697,0.0001953125,lazy_delta_inverse_square,131075,131075,131075,1918,1918,3717165,4795000,1077835,False,3717165
316,316,0.9627460378133866,0.000390625,lazy_delta_inverse_square,0,0,0,1918,1918,3717165,4795000,1077835,False,3717165
317,317,-3.3166711979929318,0.0001953125,lazy_delta_inverse_square,0,0,0,1918,1918,3717165,4795000,1077835,False,3717165
318,318,0.2855758989059115,0.000390625,lazy_delta_inverse_square,0,0,0,1918,1918,3717165,4795000,1077835,False,3717165
319,319,-1.5288594138999747,0.0001953125,lazy_delta_inverse_square,0,0,0,1918,1918,3717165,4795000,1077835,False,3717165
320,320,0.47662680158971155,0.000390625,lazy_delta_inverse_square,32770,32770,32770,1918,1918,3749935,4795000,1045065,False,3749935
321,321,-0.026658795544459372,0.0001953125,lazy_delta_inverse_square,0,0,0,1918,1918,3749935,4795000,1045065,False,3749935
322,322,0.8938473524203915,0.000390625,lazy_delta_inverse_square,0,0,0,1918,1918,3749935,4795000,1045065,False,3749935
323,323,-1.7616879875084344,0.0001953125,lazy_delta_inverse_square,0,0,0,1918,1918,3749935,4795000,1045065,False,3749935
324,324,0.3792715894768019,0.000390625,lazy_delta_inverse_square,0,0,0,1918,1918,3749935,4795000,1045065,False,3749935
325,325,-3.76157272644973,0.0001953125,lazy_delta_inverse_square,131075,131075,131075,1918,1918,3881010,4795000,913990,False,3881010
326,326,0.9569636754959833,0.000390625,lazy_delta_inverse_square,0,0,0,1918,1918,3881010,4795000,913990,False,3881010
327,327,-0.44023384371008534,0.0001953125,lazy_delta_inverse_square,0,0,0,1918,1918,3881010,4795000,913990,False,3881010
328,328,0.7824878761920254,0.000390625,lazy_delta_inverse_square,0,0,0,1918,1918,3881010,4795000,913990,False,3881010
329,329,-1.4322686096023582,0.0001953125,lazy_delta_inverse_square,0,0,0,1918,1918,3881010,4795000,913990,False,3881010
330,330,0.6005901375700315,0.000390625,lazy_delta_inverse_square,32770,32770,32770,1918,1918,3913780,4795000,881220,False,3913780
331,331,0.003805478447514473,0.0001953125,lazy_delta_inverse_square,0,0,0,1918,1918,3913780,4795000,881220,False,3913780
332,332,0.8367434144312766,0.000390625,lazy_delta_inverse_square,0,0,0,1918,1918,3913780,4795000,881220,False,3913780
333,333,-2.056905239990479,0.0001953125,lazy_delta_inverse_square,0,0,0,1918,1918,3913780,4795000,881220,False,3913780
334,334,0.6627361793439522,0.000390625,lazy_delta_inverse_square,0,0,0,1918,1918,3913780,4795000,881220,False,3913780
335,335,-3.4148750259195015,0.0001953125,lazy_delta_inverse_square,131075,131075,131075,1918,1918,4044855,4795000,750145,False,4044855
336,336,0.920972185934864,0.000390625,lazy_delta_inverse_square,0,0,0,1918,1918,4044855,4795000,750145,False,4044855
337,337,-1.8587628579149356,0.0001953125,lazy_delta_inverse_square,0,0,0,1918,1918,4044855,4795000,750145,False,4044855
338,338,0.462250620870764,0.000390625,lazy_delta_inverse_square,0,0,0,1918,1918,4044855,4795000,750145,False,4044855
339,339,-2.539825621545599,0.0001953125,lazy_delta_inverse_square,0,0,0,1918,1918,4044855,4795000,750145,False,4044855
340,340,0.2985797664560335,0.000390625,lazy_delta_inverse_square,32770,32770,32770,1918,1918,4077625,4795000,717375,False,4077625
341,341,-1.2486301603299146,0.0001953125,lazy_delta_inverse_square,0,0,0,1918,1918,4077625,4795000,717375,False,4077625
342,342,0.6602246614122352,0.000390625,lazy_delta_inverse_square,0,0,0,1918,1918,4077625,4795000,717375,False,4077625
343,343,-2.4820436312676475,0.0001953125,lazy_delta_inverse_square,0,0,0,1918,1918,4077625,4795000,717375,False,4077625
344,344,0.36733424569771445,0.000390625,lazy_delta_inverse_square,0,0,0,1918,1918,4077625,4795000,717375,False,4077625
345,345,-3.3113744186364698,0.0001953125,lazy_delta_inverse_square,131075,131075,131075,1918,1918,4208700,4795000,586300,False,4208700
346,346,0.9043096486430482,0.000390625,lazy_delta_inverse_square,0,0,0,1918,1918,4208700,4795000,586300,False,4208700
347,347,-2.761324870199333,0.0001953125,lazy_delta_inverse_square,0,0,0,1918,1918,4208700,4795000,586300,False,4208700
348,348,0.3672943452291997,0.000390625,lazy_delta_inverse_square,0,0,0,1918,1918,4208700,4795000,586300,False,4208700
349,349,-4.755937532692267,0.0001953125,lazy_delta_inverse_square,0,0,0,1918,1918,4208700,4795000,586300,False,4208700
350,350,0.024823794658790806,9.765625e-05,lazy_delta_inverse_square,524290,524290,524290,1918,1918,4732990,4795000,62010,False,4732990
351,351,1.0089495977991672,0.0001953125,lazy_delta_inverse_square,0,0,0,1918,1918,4732990,4795000,62010,False,4732990
352,352,0.8313878465219672,0.000390625,lazy_delta_inverse_square,0,0,0,1918,1918,4732990,4795000,62010,False,4732990
353,353,-1.4396755556866205,0.0001953125,lazy_delta_inverse_square,0,0,0,1918,1918,4732990,4795000,62010,False,4732990
354,354,0.6094387610485636,0.000390625,lazy_delta_inverse_square,0,0,0,1918,1918,4732990,4795000,62010,False,4732990
355,355,-1.2651103364651273,0.0001953125,lazy_delta_inverse_square,131075,62010,62010,1918,1918,4795000,4795000,0,True,4795000
356,356,0.8442999127112888,0.000390625,lazy_delta_inverse_square,0,0,0,1918,1918,4795000,4795000,0,True,4795000
357,357,-2.1402957343127893,0.0001953125,lazy_delta_inverse_square,0,0,0,1918,1918,4795000,4795000,0,True,4795000
358,358,0.3342476343695439,0.000390625,lazy_delta_inverse_square,0,0,0,1918,1918,4795000,4795000,0,True,4795000
359,359,-1.4215611848484073,0.0001953125,lazy_delta_inverse_square,0,0,0,1918,1918,4795000,4795000,0,True,4795000
360,360,0.4740589801681831,0.000390625,lazy_delta_inverse_square,32770,0,0,1918,1918,4795000,4795000,0,True,4795000
361,361,-2.6734363459988,0.0001953125,lazy_delta_inverse_square,0,0,0,1918,1918,4795000,4795000,0,True,4795000
362,362,0.21275793346783828,0.000390625,lazy_delta_inverse_square,0,0,0,1918,1918,4795000,4795000,0,True,4795000
363,363,-1.5564207859336108,0.0001953125,lazy_delta_inverse_square,0,0,0,1918,1918,4795000,4795000,0,True,4795000
364,364,0.4537727938309825,0.000390625,lazy_delta_inverse_square,0,0,0,1918,1918,4795000,4795000,0,True,4795000
365,365,-2.6956017648442208,0.0001953125,lazy_delta_inverse_square,131075,0,0,1918,1918,4795000,4795000,0,True,4795000
366,366,0.2023509151166639,0.000390625,lazy_delta_inverse_square,0,0,0,1918,1918,4795000,4795000,0,True,4795000
367,367,-1.6507430182735738,0.0001953125,lazy_delta_inverse_square,0,0,0,1918,1918,4795000,4795000,0,True,4795000
368,368,0.40716154423386597,0.000390625,lazy_delta_inverse_square,0,0,0,1918,1918,4795000,4795000,0,True,4795000
369,369,-2.9498535949641393,0.0001953125,lazy_delta_inverse_square,0,0,0,1918,1918,4795000,4795000,0,True,4795000
370,370,0.18584306965809289,0.000390625,lazy_delta_inverse_square,32770,0,0,1918,1918,4795000,4795000,0,True,4795000
371,371,-2.0532224238277514,0.0001953125,lazy_delta_inverse_square,0,0,0,1918,1918,4795000,4795000,0,True,4795000
372,372,0.3798584117481971,0.000390625,lazy_delta_inverse_square,0,0,0,1918,1918,4795000,4795000,0,True,4795000
373,373,-3.1065172560327174,0.0001953125,lazy_delta_inverse_square,0,0,0,1918,1918,4795000,4795000,0,True,4795000
374,374,0.14151927866508124,0.000390625,lazy_delta_inverse_square,0,0,0,1918,1918,4795000,4795000,0,True,4795000
375,375,-2.0748731854296047,0.0001953125,lazy_delta_inverse_square,131075,0,0,1918,1918,4795000,4795000,0,True,4795000
376,376,0.35219913848913503,0.000390625,lazy_delta_inverse_square,0,0,0,1918,1918,4795000,4795000,0,True,4795000
377,377,-3.369226564445835,0.0001953125,lazy_delta_inverse_square,0,0,0,1918,1918,4795000,4795000,0,True,4795000
378,378,0.11917635965883831,0.000390625,lazy_delta_inverse_square,0,0,0,1918,1918,4795000,4795000,0,True,4795000
379,379,-2.2476065096261983,0.0001953125,lazy_delta_inverse_square,0,0,0,1918,1918,4795000,4795000,0,True,4795000
380,380,0.3490568012636685,0.000390625,lazy_delta_inverse_square,32770,0,0,1918,1918,4795000,4795000,0,True,4795000
381,381,-3.4203215356934,0.0001953125,lazy_delta_inverse_square,0,0,0,1918,1918,4795000,4795000,0,True,4795000
382,382,0.01925112858799892,9.765625e-05,lazy_delta_inverse_square,0,0,0,1918,1918,4795000,4795000,0,True,4795000
383,383,0.7896418626980328,0.0001953125,lazy_delta_inverse_square,0,0,0,1918,1918,4795000,4795000,0,True,4795000
384,384,-0.05583148949797714,9.765625e-05,lazy_delta_inverse_square,0,0,0,1918,1918,4795000,4795000,0,True,4795000
385,385,0.6008935431963153,0.0001953125,lazy_delta_inverse_square,131075,0,0,1918,1918,4795000,4795000,0,True,4795000
386,386,-0.9221631925774408,9.765625e-05,lazy_delta_inverse_square,0,0,0,1918,1918,4795000,4795000,0,True,4795000
387,387,0.5282552816374299,0.0001953125,lazy_delta_inverse_square,0,0,0,1918,1918,4795000,4795000,0,True,4795000
388,388,0.1818573825405117,0.000390625,lazy_delta_inverse_square,0,0,0,1918,1918,4795000,4795000,0,True,4795000
389,389,-4.162230929961159,0.0001953125,lazy_delta_inverse_square,0,0,0,1918,1918,4795000,4795000,0,True,4795000
390,390,-0.07614585080363559,9.765625e-05,lazy_delta_inverse_square,524290,0,0,1918,1918,4795000,4795000,0,True,4795000
391,391,0.6185570313340046,0.0001953125,lazy_delta_inverse_square,0,0,0,1918,1918,4795000,4795000,0,True,4795000
392,392,-0.5130418569613047,9.765625e-05,lazy_delta_inverse_square,0,0,0,1918,1918,4795000,4795000,0,True,4795000
393,393,0.38515659328578444,0.0001953125,lazy_delta_inverse_square,0,0,0,1918,1918,4795000,4795000,0,True,4795000
394,394,-0.5395555173592086,9.765625e-05,lazy_delta_inverse_square,0,0,0,1918,1918,4795000,4795000,0,True,4795000
395,395,0.37263604108308296,0.0001953125,lazy_delta_inverse_square,131075,0,0,1918,1918,4795000,4795000,0,True,4795000
396,396,-0.4039869341134633,9.765625e-05,lazy_delta_inverse_square,0,0,0,1918,1918,4795000,4795000,0,True,4795000
397,397,0.3814980999064639,0.0001953125,lazy_delta_inverse_square,0,0,0,1918,1918,4795000,4795000,0,True,4795000
398,398,-0.5430309039444616,9.765625e-05,lazy_delta_inverse_square,0,0,0,1918,1918,4795000,4795000,0,True,4795000
399,399,0.3837614378983107,0.0001953125,lazy_delta_inverse_square,0,0,0,1918,1918,4795000,4795000,0,True,4795000
400,400,-0.42075658563292,9.765625e-05,lazy_delta_inverse_square,524290,0,0,1918,1918,4795000,4795000,0,True,4795000
401,401,0.3881863158728695,0.0001953125,lazy_delta_inverse_square,0,0,0,1918,1918,4795000,4795000,0,True,4795000
402,402,-0.5438578939865453,9.765625e-05,lazy_delta_inverse_square,0,0,0,1918,1918,4795000,4795000,0,True,4795000
403,403,0.37511728717964304,0.0001953125,lazy_delta_inverse_square,0,0,0,1918,1918,4795000,4795000,0,True,4795000
404,404,-0.6260669277833644,9.765625e-05,lazy_delta_inverse_square,0,0,0,1918,1918,4795000,4795000,0,True,4795000
405,405,0.37458680482084317,0.0001953125,lazy_delta_inverse_square,131075,0,0,1918,1918,4795000,4795000,0,True,4795000
406,406,-0.5791085258949532,9.765625e-05,lazy_delta_inverse_square,0,0,0,1918,1918,4795000,4795000,0,True,4795000
407,407,0.42046605706241236,0.0001953125,lazy_delta_inverse_square,0,0,0,1918,1918,4795000,4795000,0,True,4795000
408,408,-0.5154469965980456,9.765625e-05,lazy_delta_inverse_square,0,0,0,1918,1918,4795000,4795000,0,True,4795000
409,409,0.36184588652128613,0.0001953125,lazy_delta_inverse_square,0,0,0,1918,1918,4795000,4795000,0,True,4795000
410,410,-0.6266951765883656,9.765625e-05,lazy_delta_inverse_square,524290,0,0,1918,1918,4795000,4795000,0,True,4795000
411,411,0.3845314582891792,0.0001953125,lazy_delta_inverse_square,0,0,0,1918,1918,4795000,4795000,0,True,4795000
412,412,-0.6008078148490894,9.765625e-05,lazy_delta_inverse_square,0,0,0,1918,1918,4795000,4795000,0,True,4795000
413,413,0.3392872035924481,0.0001953125,lazy_delta_inverse_square,0,0,0,1918,1918,4795000,4795000,0,True,4795000
414,414,-0.6533216256283209,9.765625e-05,lazy_delta_inverse_square,0,0,0,1918,1918,4795000,4795000,0,True,4795000
415,415,0.4208468111529701,0.0001953125,lazy_delta_inverse_square,131075,0,0,1918,1918,4795000,4795000,0,True,4795000
416,416,-0.728735852155475,9.765625e-05,lazy_delta_inverse_square,0,0,0,1918,1918,4795000,4795000,0,True,4795000
417,417,0.3149451598654936,0.0001953125,lazy_delta_inverse_square,0,0,0,1918,1918,4795000,4795000,0,True,4795000
418,418,-0.6206282431270166,9.765625e-05,lazy_delta_inverse_square,0,0,0,1918,1918,4795000,4795000,0,True,4795000
419,419,0.3973521108371718,0.0001953125,lazy_delta_inverse_square,0,0,0,1918,1918,4795000,4795000,0,True,4795000
420,420,-0.6181763651383245,9.765625e-05,lazy_delta_inverse_square,524290,0,0,1918,1918,4795000,4795000,0,True,4795000
421,421,0.3005172870416711,0.0001953125,lazy_delta_inverse_square,0,0,0,1918,1918,4795000,4795000,0,True,4795000
422,422,-0.6131079753628165,9.765625e-05,lazy_delta_inverse_square,0,0,0,1918,1918,4795000,4795000,0,True,4795000
423,423,0.40568329406928316,0.0001953125,lazy_delta_inverse_square,0,0,0,1918,1918,4795000,4795000,0,True,4795000
424,424,-0.6251407528059246,9.765625e-05,lazy_delta_inverse_square,0,0,0,1918,1918,4795000,4795000,0,True,4795000
425,425,0.3180208945115111,0.0001953125,lazy_delta_inverse_square,131075,0,0,1918,1918,4795000,4795000,0,True,4795000
426,426,-0.5892587455332997,9.765625e-05,lazy_delta_inverse_square,0,0,0,1918,1918,4795000,4795000,0,True,4795000
427,427,0.4008058064383294,0.0001953125,lazy_delta_inverse_square,0,0,0,1918,1918,4795000,4795000,0,True,4795000
428,428,-0.6893673484958063,9.765625e-05,lazy_delta_inverse_square,0,0,0,1918,1918,4795000,4795000,0,True,4795000
429,429,0.29205981025855965,0.0001953125,lazy_delta_inverse_square,0,0,0,1918,1918,4795000,4795000,0,True,4795000
430,430,-0.6153660030399285,9.765625e-05,lazy_delta_inverse_square,524290,0,0,1918,1918,4795000,4795000,0,True,4795000
431,431,0.39800478128366285,0.0001953125,lazy_delta_inverse_square,0,0,0,1918,1918,4795000,4795000,0,True,4795000
432,432,-0.6290335675835513,9.765625e-05,lazy_delta_inverse_square,0,0,0,1918,1918,4795000,4795000,0,True,4795000
433,433,0.290846799966571,0.0001953125,lazy_delta_inverse_square,0,0,0,1918,1918,4795000,4795000,0,True,4795000
434,434,-0.5785581027317259,9.765625e-05,lazy_delta_inverse_square,0,0,0,1918,1918,4795000,4795000,0,True,4795000
435,435,0.3990821478151359,0.0001953125,lazy_delta_inverse_square,131075,0,0,1918,1918,4795000,4795000,0,True,4795000
436,436,-0.5736977196699043,9.765625e-05,lazy_delta_inverse_square,0,0,0,1918,1918,4795000,4795000,0,True,4795000
437,437,0.2971463886983057,0.0001953125,lazy_delta_inverse_square,0,0,0,1918,1918,4795000,4795000,0,True,4795000
438,438,-0.581600388638283,9.765625e-05,lazy_delta_inverse_square,0,0,0,1918,1918,4795000,4795000,0,True,4795000
439,439,0.39777320709114167,0.0001953125,lazy_delta_inverse_square,0,0,0,1918,1918,4795000,4795000,0,True,4795000
440,440,-0.7018003576773525,9.765625e-05,lazy_delta_inverse_square,524290,0,0,1918,1918,4795000,4795000,0,True,4795000
441,441,0.3079135322967177,0.0001953125,lazy_delta_inverse_square,0,0,0,1918,1918,4795000,4795000,0,True,4795000
442,442,-0.6313683014992957,9.765625e-05,lazy_delta_inverse_square,0,0,0,1918,1918,4795000,4795000,0,True,4795000
443,443,0.38948944562209475,0.0001953125,lazy_delta_inverse_square,0,0,0,1918,1918,4795000,4795000,0,True,4795000
444,444,-0.6411562020366368,9.765625e-05,lazy_delta_inverse_square,0,0,0,1918,1918,4795000,4795000,0,True,4795000
445,445,0.3110462723693486,0.0001953125,lazy_delta_inverse_square,131075,0,0,1918,1918,4795000,4795000,0,True,4795000
446,446,-0.6202082212133964,9.765625e-05,lazy_delta_inverse_square,0,0,0,1918,1918,4795000,4795000,0,True,4795000
447,447,0.40257865908800805,0.0001953125,lazy_delta_inverse_square,0,0,0,1918,1918,4795000,4795000,0,True,4795000
448,448,-0.6424722363937433,9.765625e-05,lazy_delta_inverse_square,0,0,0,1918,1918,4795000,4795000,0,True,4795000
449,449,0.30672254872586896,0.0001953125,lazy_delta_inverse_square,0,0,0,1918,1918,4795000,4795000,0,True,4795000
450,450,-0.6434863892872068,9.765625e-05,lazy_delta_inverse_square,524290,0,0,1918,1918,4795000,4795000,0,True,4795000
451,451,0.38742756836587955,0.0001953125,lazy_delta_inverse_square,0,0,0,1918,1918,4795000,4795000,0,True,4795000
452,452,-0.7797992029572957,9.765625e-05,lazy_delta_inverse_square,0,0,0,1918,1918,4795000,4795000,0,True,4795000
453,453,0.2858321792167114,0.0001953125,lazy_delta_inverse_square,0,0,0,1918,1918,4795000,4795000,0,True,4795000
454,454,-0.610512906968722,9.765625e-05,lazy_delta_inverse_square,0,0,0,1918,1918,4795000,4795000,0,True,4795000
455,455,0.41215407212584954,0.0001953125,lazy_delta_inverse_square,131075,0,0,1918,1918,4795000,4795000,0,True,4795000
456,456,-0.80812980977665,9.765625e-05,lazy_delta_inverse_square,0,0,0,1918,1918,4795000,4795000,0,True,4795000
457,457,0.3273925878141842,0.0001953125,lazy_delta_inverse_square,0,0,0,1918,1918,4795000,4795000,0,True,4795000
458,458,-0.6817493656075354,9.765625e-05,lazy_delta_inverse_square,0,0,0,1918,1918,4795000,4795000,0,True,4795000
459,459,0.3689351688686085,0.0001953125,lazy_delta_inverse_square,0,0,0,1918,1918,4795000,4795000,0,True,4795000
460,460,-0.7358899735750579,9.765625e-05,lazy_delta_inverse_square,524290,0,0,1918,1918,4795000,4795000,0,True,4795000
461,461,0.28737233400849505,0.0001953125,lazy_delta_inverse_square,0,0,0,1918,1918,4795000,4795000,0,True,4795000
462,462,-0.6508670743908647,9.765625e-05,lazy_delta_inverse_square,0,0,0,1918,1918,4795000,4795000,0,True,4795000
463,463,0.38859913268497237,0.0001953125,lazy_delta_inverse_square,0,0,0,1918,1918,4795000,4795000,0,True,4795000
464,464,-0.778365166428831,9.765625e-05,lazy_delta_inverse_square,0,0,0,1918,1918,4795000,4795000,0,True,4795000
465,465,0.3053471858654846,0.0001953125,lazy_delta_inverse_square,131075,0,0,1918,1918,4795000,4795000,0,True,4795000
466,466,-0.6441372957807879,9.765625e-05,lazy_delta_inverse_square,0,0,0,1918,1918,4795000,4795000,0,True,4795000
467,467,0.3849648194860534,0.0001953125,lazy_delta_inverse_square,0,0,0,1918,1918,4795000,4795000,0,True,4795000
468,468,-0.7337439171677202,9.765625e-05,lazy_delta_inverse_square,0,0,0,1918,1918,4795000,4795000,0,True,4795000
469,469,0.29346190285390167,0.0001953125,lazy_delta_inverse_square,0,0,0,1918,1918,4795000,4795000,0,True,4795000
470,470,-0.6306912181817228,9.765625e-05,lazy_delta_inverse_square,524290,0,0,1918,1918,4795000,4795000,0,True,4795000
471,471,0.3787730749450662,0.0001953125,lazy_delta_inverse_square,0,0,0,1918,1918,4795000,4795000,0,True,4795000
472,472,-0.7081356028361143,9.765625e-05,lazy_delta_inverse_square,0,0,0,1918,1918,4795000,4795000,0,True,4795000
473,473,0.28955995840935467,0.0001953125,lazy_delta_inverse_square,0,0,0,1918,1918,4795000,4795000,0,True,4795000
474,474,-0.6116910138256177,9.765625e-05,lazy_delta_inverse_square,0,0,0,1918,1918,4795000,4795000,0,True,4795000
475,475,0.3811538902838715,0.0001953125,lazy_delta_inverse_square,131075,0,0,1918,1918,4795000,4795000,0,True,4795000
476,476,-0.8132693657652862,9.765625e-05,lazy_delta_inverse_square,0,0,0,1918,1918,4795000,4795000,0,True,4795000
477,477,0.3176940594921631,0.0001953125,lazy_delta_inverse_square,0,0,0,1918,1918,4795000,4795000,0,True,4795000
478,478,-0.6906421006438768,9.765625e-05,lazy_delta_inverse_square,0,0,0,1918,1918,4795000,4795000,0,True,4795000
479,479,0.3893004445140098,0.0001953125,lazy_delta_inverse_square,0,0,0,1918,1918,4795000,4795000,0,True,4795000
480,480,-0.8239505090551354,9.765625e-05,lazy_delta_inverse_square,524290,0,0,1918,1918,4795000,4795000,0,True,4795000
481,481,0.31292247692364583,0.0001953125,lazy_delta_inverse_square,0,0,0,1918,1918,4795000,4795000,0,True,4795000
482,482,-0.6592553927108269,9.765625e-05,lazy_delta_inverse_square,0,0,0,1918,1918,4795000,4795000,0,True,4795000
483,483,0.35853354278729044,0.0001953125,lazy_delta_inverse_square,0,0,0,1918,1918,4795000,4795000,0,True,4795000
484,484,-0.7340321592857885,9.765625e-05,lazy_delta_inverse_square,0,0,0,1918,1918,4795000,4795000,0,True,4795000
485,485,0.2987264449687491,0.0001953125,lazy_delta_inverse_square,131075,0,0,1918,1918,4795000,4795000,0,True,4795000
486,486,-0.7979054283219942,9.765625e-05,lazy_delta_inverse_square,0,0,0,1918,1918,4795000,4795000,0,True,4795000
487,487,0.32904086200942506,0.0001953125,lazy_delta_inverse_square,0,0,0,1918,1918,4795000,4795000,0,True,4795000
488,488,-0.8129676067325309,9.765625e-05,lazy_delta_inverse_square,0,0,0,1918,1918,4795000,4795000,0,True,4795000
489,489,0.30209302744024336,0.0001953125,lazy_delta_inverse_square,0,0,0,1918,1918,4795000,4795000,0,True,4795000
490,490,-0.7949869607020259,9.765625e-05,lazy_delta_inverse_square,524290,0,0,1918,1918,4795000,4795000,0,True,4795000
491,491,0.32988363129013437,0.0001953125,lazy_delta_inverse_square,0,0,0,1918,1918,4795000,4795000,0,True,4795000
492,492,-0.8477257877010526,9.765625e-05,lazy_delta_inverse_square,0,0,0,1918,1918,4795000,4795000,0,True,4795000
493,493,0.2905784245786861,0.0001953125,lazy_delta_inverse_square,0,0,0,1918,1918,4795000,4795000,0,True,4795000
494,494,-0.8213757422279845,9.765625e-05,lazy_delta_inverse_square,0,0,0,1918,1918,4795000,4795000,0,True,4795000
495,495,0.34338316438995686,0.0001953125,lazy_delta_inverse_square,131075,0,0,1918,1918,4795000,4795000,0,True,4795000
496,496,-0.887899486320253,9.765625e-05,lazy_delta_inverse_square,0,0,0,1918,1918,4795000,4795000,0,True,4795000
497,497,0.30459783165986987,0.0001953125,lazy_delta_inverse_square,0,0,0,1918,1918,4795000,4795000,0,True,4795000
498,498,-0.7437651224157467,9.765625e-05,lazy_delta_inverse_square,0,0,0,1918,1918,4795000,4795000,0,True,4795000
499,499,0.2925560880129497,0.0001953125,lazy_delta_inverse_square,0,0,0,1918,1918,4795000,4795000,0,True,4795000
500,500,-0.8386159079123384,9.765625e-05,lazy_delta_inverse_square,524290,0,0,1918,1918,4795000,4795000,0,True,4795000
501,501,0.30198856745856767,0.0001953125,lazy_delta_inverse_square,0,0,0,1918,1918,4795000,4795000,0,True,4795000
502,502,-0.7851347804471037,9.765625e-05,lazy_delta_inverse_square,0,0,0,1918,1918,4795000,4795000,0,True,4795000
503,503,0.30240302673636754,0.0001953125,lazy_delta_inverse_square,0,0,0,1918,1918,4795000,4795000,0,True,4795000
504,504,-0.8159471942112636,9.765625e-05,lazy_delta_inverse_square,0,0,0,1918,1918,4795000,4795000,0,True,4795000
505,505,0.29817627714724054,0.0001953125,lazy_delta_inverse_square,131075,0,0,1918,1918,4795000,4795000,0,True,4795000
506,506,-0.7392170815037182,9.765625e-05,lazy_delta_inverse_square,0,0,0,1918,1918,4795000,4795000,0,True,4795000
507,507,0.31620116056117664,0.0001953125,lazy_delta_inverse_square,0,0,0,1918,1918,4795000,4795000,0,True,4795000
508,508,-0.8030491924333055,9.765625e-05,lazy_delta_inverse_square,0,0,0,1918,1918,4795000,4795000,0,True,4795000
509,509,0.283283672581939,0.0001953125,lazy_delta_inverse_square,0,0,0,1918,1918,4795000,4795000,0,True,4795000
510,510,-0.7916453441969662,9.765625e-05,lazy_delta_inverse_square,524290,0,0,1918,1918,4795000,4795000,0,True,4795000
511,511,0.3092419105043305,0.0001953125,lazy_delta_inverse_square,0,0,0,1918,1918,4795000,4795000,0,True,4795000
512,512,-0.7958694674547483,9.765625e-05,lazy_delta_inverse_square,0,0,0,1918,1918,4795000,4795000,0,True,4795000
513,513,0.2868333507074181,0.0001953125,lazy_delta_inverse_square,0,0,0,1918,1918,4795000,4795000,0,True,4795000
514,514,-0.8468778751723397,9.765625e-05,lazy_delta_inverse_square,0,0,0,1918,1918,4795000,4795000,0,True,4795000
515,515,0.32617657313082876,0.0001953125,lazy_delta_inverse_square,131075,0,0,1918,1918,4795000,4795000,0,True,4795000
516,516,-0.8479241414411727,9.765625e-05,lazy_delta_inverse_square,0,0,0,1918,1918,4795000,4795000,0,True,4795000
517,517,0.2800770921029187,0.0001953125,lazy_delta_inverse_square,0,0,0,1918,1918,4795000,4795000,0,True,4795000
518,518,-0.7953521818466908,9.765625e-05,lazy_delta_inverse_square,0,0,0,1918,1918,4795000,4795000,0,True,4795000
519,519,0.33242851461487977,0.0001953125,lazy_delta_inverse_square,0,0,0,1918,1918,4795000,4795000,0,True,4795000
520,520,-0.8296404409736556,9.765625e-05,lazy_delta_inverse_square,524290,0,0,1918,1918,4795000,4795000,0,True,4795000
521,521,0.27435859219612035,0.0001953125,lazy_delta_inverse_square,0,0,0,1918,1918,4795000,4795000,0,True,4795000
522,522,-0.8098509136660015,9.765625e-05,lazy_delta_inverse_square,0,0,0,1918,1918,4795000,4795000,0,True,4795000
523,523,0.3464143283054975,0.0001953125,lazy_delta_inverse_square,0,0,0,1918,1918,4795000,4795000,0,True,4795000
524,524,-0.9028894107231308,9.765625e-05,lazy_delta_inverse_square,0,0,0,1918,1918,4795000,4795000,0,True,4795000
525,525,0.29984415864105646,0.0001953125,lazy_delta_inverse_square,131075,0,0,1918,1918,4795000,4795000,0,True,4795000
526,526,-0.7634980043926005,9.765625e-05,lazy_delta_inverse_square,0,0,0,1918,1918,4795000,4795000,0,True,4795000
527,527,0.34136383347078864,0.0001953125,lazy_delta_inverse_square,0,0,0,1918,1918,4795000,4795000,0,True,4795000
528,528,-0.8377968572230128,9.765625e-05,lazy_delta_inverse_square,0,0,0,1918,1918,4795000,4795000,0,True,4795000
529,529,0.30728376465446494,0.0001953125,lazy_delta_inverse_square,0,0,0,1918,1918,4795000,4795000,0,True,4795000
530,530,-0.7856153335351788,9.765625e-05,lazy_delta_inverse_square,524290,0,0,1918,1918,4795000,4795000,0,True,4795000
531,531,0.3221259381373069,0.0001953125,lazy_delta_inverse_square,0,0,0,1918,1918,4795000,4795000,0,True,4795000
532,532,-0.8027492468771423,9.765625e-05,lazy_delta_inverse_square,0,0,0,1918,1918,4795000,4795000,0,True,4795000
533,533,0.2851824429382968,0.0001953125,lazy_delta_inverse_square,0,0,0,1918,1918,4795000,4795000,0,True,4795000
534,534,-0.8302069975080888,9.765625e-05,lazy_delta_inverse_square,0,0,0,1918,1918,4795000,4795000,0,True,4795000
535,535,0.3266707440728928,0.0001953125,lazy_delta_inverse_square,131075,0,0,1918,1918,4795000,4795000,0,True,4795000
536,536,-0.8098911505844905,9.765625e-05,lazy_delta_inverse_square,0,0,0,1918,1918,4795000,4795000,0,True,4795000
537,537,0.2947407482078566,0.0001953125,lazy_delta_inverse_square,0,0,0,1918,1918,4795000,4795000,0,True,4795000
538,538,-0.8137338211469534,9.765625e-05,lazy_delta_inverse_square,0,0,0,1918,1918,4795000,4795000,0,True,4795000
539,539,0.3321136492986567,0.0001953125,lazy_delta_inverse_square,0,0,0,1918,1918,4795000,4795000,0,True,4795000
540,540,-0.78465176900285,9.765625e-05,lazy_delta_inverse_square,524290,0,0,1918,1918,4795000,4795000,0,True,4795000
541,541,0.28865201820537656,0.0001953125,lazy_delta_inverse_square,0,0,0,1918,1918,4795000,4795000,0,True,4795000
542,542,-0.7875146127745339,9.765625e-05,lazy_delta_inverse_square,0,0,0,1918,1918,4795000,4795000,0,True,4795000
543,543,0.3284170309440407,0.0001953125,lazy_delta_inverse_square,0,0,0,1918,1918,4795000,4795000,0,True,4795000
544,544,-0.7428133675701625,9.765625e-05,lazy_delta_inverse_square,0,0,0,1918,1918,4795000,4795000,0,True,4795000
545,545,0.29688821789714603,0.0001953125,lazy_delta_inverse_square,131075,0,0,1918,1918,4795000,4795000,0,True,4795000
546,546,-0.8224535510136505,9.765625e-05,lazy_delta_inverse_square,0,0,0,1918,1918,4795000,4795000,0,True,4795000
547,547,0.33097515273678035,0.0001953125,lazy_delta_inverse_square,0,0,0,1918,1918,4795000,4795000,0,True,4795000
548,548,-0.8059107804166442,9.765625e-05,lazy_delta_inverse_square,0,0,0,1918,1918,4795000,4795000,0,True,4795000
549,549,0.29488656806595126,0.0001953125,lazy_delta_inverse_square,0,0,0,1918,1918,4795000,4795000,0,True,4795000
550,550,-0.8373213734288433,9.765625e-05,lazy_delta_inverse_square,524290,0,0,1918,1918,4795000,4795000,0,True,4795000
551,551,0.3502611201934622,0.0001953125,lazy_delta_inverse_square,0,0,0,1918,1918,4795000,4795000,0,True,4795000
552,552,-0.8200122251250764,9.765625e-05,lazy_delta_inverse_square,0,0,0,1918,1918,4795000,4795000,0,True,4795000
553,553,0.304207857167591,0.0001953125,lazy_delta_inverse_square,0,0,0,1918,1918,4795000,4795000,0,True,4795000
554,554,-0.7451978893243678,9.765625e-05,lazy_delta_inverse_square,0,0,0,1918,1918,4795000,4795000,0,True,4795000
555,555,0.3424433303342868,0.0001953125,lazy_delta_inverse_square,131075,0,0,1918,1918,4795000,4795000,0,True,4795000
556,556,-0.7868347893631163,9.765625e-05,lazy_delta_inverse_square,0,0,0,1918,1918,4795000,4795000,0,True,4795000
557,557,0.30404758111324054,0.0001953125,lazy_delta_inverse_square,0,0,0,1918,1918,4795000,4795000,0,True,4795000
558,558,-0.8021888876355721,9.765625e-05,lazy_delta_inverse_square,0,0,0,1918,1918,4795000,4795000,0,True,4795000
559,559,0.33158106169960166,0.0001953125,lazy_delta_inverse_square,0,0,0,1918,1918,4795000,4795000,0,True,4795000
560,560,-0.7878127336678503,9.765625e-05,lazy_delta_inverse_square,524290,0,0,1918,1918,4795000,4795000,0,True,4795000
561,561,0.3048433335683415,0.0001953125,lazy_delta_inverse_square,0,0,0,1918,1918,4795000,4795000,0,True,4795000
562,562,-0.7378861588637008,9.765625e-05,lazy_delta_inverse_square,0,0,0,1918,1918,4795000,4795000,0,True,4795000
563,563,0.3406797757860924,0.0001953125,lazy_delta_inverse_square,0,0,0,1918,1918,4795000,4795000,0,True,4795000
564,564,-0.8386729037996413,9.765625e-05,lazy_delta_inverse_square,0,0,0,1918,1918,4795000,4795000,0,True,4795000
565,565,0.30236659939726834,0.0001953125,lazy_delta_inverse_square,131075,0,0,1918,1918,4795000,4795000,0,True,4795000
566,566,-0.7763065385579393,9.765625e-05,lazy_delta_inverse_square,0,0,0,1918,1918,4795000,4795000,0,True,4795000
567,567,0.33793248239993157,0.0001953125,lazy_delta_inverse_square,0,0,0,1918,1918,4795000,4795000,0,True,4795000
568,568,-0.7810427773680714,9.765625e-05,lazy_delta_inverse_square,0,0,0,1918,1918,4795000,4795000,0,True,4795000
569,569,0.30562420638749216,0.0001953125,lazy_delta_inverse_square,0,0,0,1918,1918,4795000,4795000,0,True,4795000
570,570,-0.7762176528397602,9.765625e-05,lazy_delta_inverse_square,524290,0,0,1918,1918,4795000,4795000,0,True,4795000
571,571,0.35051255213019833,0.0001953125,lazy_delta_inverse_square,0,0,0,1918,1918,4795000,4795000,0,True,4795000
572,572,-0.7885828162066041,9.765625e-05,lazy_delta_inverse_square,0,0,0,1918,1918,4795000,4795000,0,True,4795000
573,573,0.30421075601931924,0.0001953125,lazy_delta_inverse_square,0,0,0,1918,1918,4795000,4795000,0,True,4795000
574,574,-0.7624254188862541,9.765625e-05,lazy_delta_inverse_square,0,0,0,1918,1918,4795000,4795000,0,True,4795000
575,575,0.3442108409480027,0.0001953125,lazy_delta_inverse_square,131075,0,0,1918,1918,4795000,4795000,0,True,4795000
576,576,-0.6737476729428635,9.765625e-05,lazy_delta_inverse_square,0,0,0,1918,1918,4795000,4795000,0,True,4795000
577,577,0.33036688901252326,0.0001953125,lazy_delta_inverse_square,0,0,0,1918,1918,4795000,4795000,0,True,4795000
578,578,-0.7927689779117024,9.765625e-05,lazy_delta_inverse_square,0,0,0,1918,1918,4795000,4795000,0,True,4795000
579,579,0.3410862473516536,0.0001953125,lazy_delta_inverse_square,0,0,0,1918,1918,4795000,4795000,0,True,4795000
580,580,-0.628142011761192,9.765625e-05,lazy_delta_inverse_square,524290,0,0,1918,1918,4795000,4795000,0,True,4795000
581,581,0.3143418974973871,0.0001953125,lazy_delta_inverse_square,0,0,0,1918,1918,4795000,4795000,0,True,4795000
582,582,-0.7762999618506052,9.765625e-05,lazy_delta_inverse_square,0,0,0,1918,1918,4795000,4795000,0,True,4795000
583,583,0.34591219060282963,0.0001953125,lazy_delta_inverse_square,0,0,0,1918,1918,4795000,4795000,0,True,4795000
584,584,-0.7957158372284341,9.765625e-05,lazy_delta_inverse_square,0,0,0,1918,1918,4795000,4795000,0,True,4795000
585,585,0.3124141761819741,0.0001953125,lazy_delta_inverse_square,131075,0,0,1918,1918,4795000,4795000,0,True,4795000
586,586,-0.7620384708831274,9.765625e-05,lazy_delta_inverse_square,0,0,0,1918,1918,4795000,4795000,0,True,4795000
587,587,0.3468725605982761,0.0001953125,lazy_delta_inverse_square,0,0,0,1918,1918,4795000,4795000,0,True,4795000
588,588,-0.7580704771929642,9.765625e-05,lazy_delta_inverse_square,0,0,0,1918,1918,4795000,4795000,0,True,4795000
589,589,0.3083647174197475,0.0001953125,lazy_delta_inverse_square,0,0,0,1918,1918,4795000,4795000,0,True,4795000
590,590,-0.7698254806382008,9.765625e-05,lazy_delta_inverse_square,524290,0,0,1918,1918,4795000,4795000,0,True,4795000
591,591,0.348515194663404,0.0001953125,lazy_delta_inverse_square,0,0,0,1918,1918,4795000,4795000,0,True,4795000
592,592,-0.7946924005258362,9.765625e-05,lazy_delta_inverse_square,0,0,0,1918,1918,4795000,4795000,0,True,4795000
593,593,0.31770703620164265,0.0001953125,lazy_delta_inverse_square,0,0,0,1918,1918,4795000,4795000,0,True,4795000
594,594,-0.7848877139067096,9.765625e-05,lazy_delta_inverse_square,0,0,0,1918,1918,4795000,4795000,0,True,4795000
595,595,0.34921755736416865,0.0001953125,lazy_delta_inverse_square,131075,0,0,1918,1918,4795000,4795000,0,True,4795000
596,596,-0.7917111514897548,9.765625e-05,lazy_delta_inverse_square,0,0,0,1918,1918,4795000,4795000,0,True,4795000
597,597,0.3137069950502858,0.0001953125,lazy_delta_inverse_square,0,0,0,1918,1918,4795000,4795000,0,True,4795000
598,598,-0.774846874083074,9.765625e-05,lazy_delta_inverse_square,0,0,0,1918,1918,4795000,4795000,0,True,4795000
